preproc,method,event_type,subject,0,1,2,3,4,5,6,7,8,9,10,11,12,13,14,15,16,17,18,19
uncorr,raw,center,008,1.3409123476377698,1.279714052883036,0.943123646196613,1.135016290820349,1.4823450694327922,1.0627753171472696,0.7499481144905233,1.3444434481630967,1.7145975809371843,1.604020016756429,1.450696691962663,1.2546276114266215,0.5485202327024538,-0.3956048944655558,0.16673441863477217,0.9152291814615294,0.5778719754032816,0.3687812662951331,0.5957976071517305,0.637073425669376
uncorr,raw,center,010,0.9709573195240385,0.9034555333011539,0.9822076475665529,1.0609596839090578,1.1440687980624502,1.243153604872004,1.3422384238205987,1.3405960096200384,1.1576446194059062,0.9746932741940826,0.8966663574681477,0.9235639188220118,0.9504614610084461,1.0231888277461907,1.1213772605327375,1.2195656807009423,0.8555300590123658,0.36543339345074743,-0.12466322204848414,0.2954195795376398
uncorr,raw,center,011,1.4661981549779295,1.3473557475610207,1.585040565675238,1.822725444966801,1.8508892817753448,1.8092128224274695,1.5856264096255888,1.4259449721257456,1.2662635271396843,1.2813715415309181,1.3547426670290406,1.3509641942654973,1.1157369604040073,0.8805097154856746,0.9254569752877776,1.0637955549732727,1.145275303314303,1.0561783551591948,0.9670812159845904,1.0116297835796255
uncorr,raw,center,013,2.3877499285036143,2.48808545682956,2.0365756716867347,1.654884722939637,1.6222876478148356,1.5896904702615633,1.6280790616209886,1.6706432849339026,1.4434907177040406,1.1126009518126325,0.9591675177235309,0.9831903943462457,0.9310197858569924,0.6807460455540588,0.4376367448125458,0.31632249371510635,0.19500823693064684,0.2093640478572066,0.250853909595259,0.2416339405691228
uncorr,raw,center,014,1.225842772022967,1.3762698754200473,1.3762698754200473,1.225842772022967,1.0754156052935497,0.9249885130524639,0.8351890746888814,0.8060174079724125,0.776845747749311,0.7476741934157942,0.7581896390164908,0.8083923087129657,0.858594997700733,0.9087976444667056,1.0463398799566512,1.2712217283311777,1.4961036191383132,1.7209854439967418,1.7209854439967418,1.4961036191383132
uncorr,raw,center,022,3.296256292121813,3.5167980984299985,3.5167980984299985,3.296256292121813,3.0757144312420666,2.8551726500019843,2.6796633708959012,2.549186599035178,2.4187098700109475,2.2882330781817712,2.2271304526146944,2.235401787115489,2.2436732778191075,2.2519446309269346,2.139011403247337,1.9048734531212002,1.6707354411412663,1.4365974736474298,1.4365974736474298,1.6707354411412663
uncorr,raw,"medium
annulus",008,-0.8350256242990053,-1.0337836719029565,-2.1269523130544417,-1.4991241037546246,-0.3651200858259633,-0.18305084320689693,0.040464838596221894,0.8135659701248614,1.132414402694778,0.47786399932648893,-0.24729235468747618,-1.0430547295312105,-0.5299222579982447,0.5940279494835,1.087104403581074,1.4802632673320113,1.866996715016812,2.0520143703524623,1.5511987118802837,1.4601413260957936
uncorr,raw,"medium
annulus",010,-0.25516350397800236,-0.3552027614117697,-0.2384902895089459,-0.12177781911132102,-0.025865910189890415,-0.0062225993542288655,0.013420693513941366,-0.01854879709133367,-0.1434212424463472,-0.26829375726506066,-0.18566486028528875,0.10446532474433867,0.3945955070274786,0.307680291802308,0.011295401075232652,-0.2850895224199955,-0.3152917478300475,-0.2728986397065666,-0.23050552879671551,-0.26684247217156437
uncorr,raw,"medium
annulus",011,-0.14079036232316938,-0.15457528408490673,-0.127005454225772,-0.0994356348292779,0.22667543617370775,0.6523002345090905,0.7140325324347938,0.5159185972392091,0.3178046535469878,0.29505511096927955,0.3307603697063281,0.45303292219647273,0.8350072949384272,1.2169818971975508,1.0248452469943727,0.6413384646731856,0.43115364256388966,0.7409347259915654,1.0507158091880195,0.8958252808211911
uncorr,raw,"medium
annulus",013,1.0670390117928819,1.12799479671551,0.8536936820042921,0.5817110101285613,0.32132030058815353,0.06092964049330509,0.37417010789457084,0.7211535630244823,0.6421466316926504,0.39929714682379236,0.43585098332967004,0.751808120175691,0.9814211605342089,0.9865396251121977,0.9871651830643741,0.9114123232814302,0.8356595001399102,0.9015184712560632,0.9956998347569578,0.9747705891137864
uncorr,raw,"medium
annulus",014,-0.09198105467637949,-0.05516026395259951,-0.05516026395259951,-0.09198105467637949,-0.12880173487662855,-0.1656224955228011,-0.2380096318523438,-0.34596325261922434,-0.45391680894965414,-0.5618704042101217,-0.5735395227912891,-0.4889241764341699,-0.40430881305503,-0.31969343984063536,-0.3333616486386376,-0.44531343030560533,-0.5572651721826194,-0.6692170419522834,-0.6692170419522834,-0.5572651721826194
uncorr,raw,"medium
annulus",022,-0.14462802534875083,-0.07339307604503047,-0.07339307604503047,-0.14462802534875083,-0.21586295149500614,-0.28709789334072344,-0.2549195259520731,-0.11932785230263854,0.016263844444370637,0.15185551334844052,0.22386083306146504,0.23227992428435976,0.24069895312819609,0.24911795454344635,0.22877221815868676,0.17966168437484079,0.13055115193342828,0.08144061176694564,0.08144061176694564,0.13055115193342828
uncorr,raw,"large
annulus",008,0.5608482629291841,0.4478233941093607,-0.1738143389835993,1.085098864953237,2.8971152200283643,2.025632904371024,1.1312894532467181,0.9014681269970051,0.3696160096785829,-0.8094453957478166,-0.7521600015739307,0.5414722063404102,0.3175806100345935,-0.614488587601684,0.22418492031435713,1.2756165347187098,0.9235605315790216,0.6562472819125278,0.677060283154053,0.6808442915090983
uncorr,raw,"large
annulus",010,-0.19213077185443364,-0.4553396999862089,-0.14826263685222574,0.15881444316252533,0.40939030259150927,0.45279446510902516,0.49619870407195965,0.42455629014009205,0.1458297124688885,-0.13289680346794414,-0.21700107379959974,-0.10648307901811581,0.0040349265511030056,-0.005116333146445296,-0.08075058188686397,-0.15638481834610163,-0.2890634091062476,-0.43729958229013527,-0.5855357218068922,-0.4584761796245719
uncorr,raw,"large
annulus",011,0.48773044585747327,0.6792470636706774,0.2962141666363301,-0.0868185399481458,-0.016364579391430763,0.20525160692864902,0.18378070922646964,0.3701932624435569,0.5566057871852617,0.17251570771680258,-0.4017418837349441,-0.7840886991976914,-0.590702849979012,-0.3973170191618745,-0.2856218134175365,-0.2011568450781422,-0.1514772519645325,-0.20615403096720553,-0.26083080033310513,-0.23349240541039593
uncorr,raw,"large
annulus",013,0.0276307028374147,0.10737816343548877,-0.2514854027443768,-0.5272466893254482,-0.38749659764250455,-0.2477464654292503,0.088499287313014,0.43630362992515054,0.3873173891877963,0.18571939035880775,0.020609102799759214,-0.10801353219228717,-0.2600486302565521,-0.47295626390972334,-0.6497955497527473,-0.2134736464987092,0.22284827260775555,0.054027523889776954,-0.2358217575645968,-0.1714108105535294
uncorr,raw,"large
annulus",014,-0.10876358856836714,-0.1718642835139548,-0.1718642835139548,-0.10876358856836714,-0.04566292520093116,0.01743774276893099,0.027468733949287425,-0.015569975051387653,-0.058608692218104046,-0.10164743010851485,-0.12010547348284184,-0.11398288042648579,-0.10786032152224007,-0.10173772131572899,-0.09419589194211336,-0.08523484997169566,-0.07627378789512067,-0.06731273523447862,-0.06731273523447862,-0.07627378789512067
uncorr,raw,"large
annulus",022,0.3971316027483319,0.507779794809263,0.507779794809263,0.3971316027483319,0.28648335833160904,0.17583510551088005,0.08131340743711077,0.002918219978755293,-0.07547695825788979,-0.15387213476685052,-0.13205615110786,-0.010028996958820568,0.1119981364108929,0.23402530296985563,0.18142952806713802,-0.04578918755009327,-0.27300787315484243,-0.5002265445945675,-0.5002265445945675,-0.27300787315484243
corr,raw,center,001,3.1390140773032793,3.0832939677232076,3.194734111741078,3.306174354787813,3.0463365938921796,2.6627395933402718,2.3289483215967612,2.1445745652281527,1.960200717404872,1.7526876262460052,1.5374615224085308,1.3603611038967616,1.297638180855555,1.2349152539548691,1.3222752013550032,1.459662805898495,1.5544548774123719,1.5214603279268477,1.4884657737176497,1.5049631070272045
corr,raw,center,002,1.9643668143227648,2.08534781465574,1.8433857005834093,1.6014235923752533,1.587955437037489,1.6506518925488975,1.6686506460593558,1.5525563516031873,1.4364619990946277,1.416045284139166,1.4275211291807728,1.4245804527122947,1.3783900182193083,1.3321995943068219,1.2333283688614711,1.1168968391307834,1.0191359117780912,0.9773864695466519,0.9356370415402455,0.9565117576666401
corr,raw,center,005,1.1835487659322255,1.2553197501319489,0.9323502673419417,0.6561747033555404,0.6139687158179752,0.5717627869772727,0.5786969640242833,0.5885217695361182,0.6612538435094168,0.7581810436317681,0.7336770163894419,0.5877417545858723,0.4866203829349531,0.5020149179099774,0.5051905949779852,0.3006456946519658,0.09610079051239549,0.17829700700711915,0.31784144354167304,0.28683157484389066
corr,raw,center,006,0.5887410344043926,0.6474466493446291,0.5789567594741444,0.5104668635249059,0.4769620895598447,0.5717361291726382,0.6665100272155798,0.9267080176361542,1.4846693895188012,2.042630765747404,1.889042943478258,1.0239060402674915,0.15876916414528136,-0.1740291797629417,-0.21108408655959493,-0.24813887659597123,0.1470039322514241,0.6600188520960854,1.1730336957645278,0.7333067023951684
corr,raw,center,008,2.5716629894484724,2.2137477612199117,0.2452142436706079,0.3768891561555737,1.126272353132192,1.610540972871126,1.9087158513297626,1.1082536803220204,0.5206019890632194,0.3889727045262236,0.42349435465995877,0.6241669567336113,0.4709963173289323,0.1526988026542314,-0.043574674841890634,-0.23740199357713956,-0.7844664558236273,-1.0814248470463508,-0.5280231382076973,-0.4274046325800906
corr,raw,center,010,0.980242796494566,1.120150051323616,0.95692487771344,0.7936997276859457,0.6803457153605611,0.749852608460148,0.8193594355455138,0.8912780221319359,0.9675377078540319,1.0437973430883751,0.8174898656677214,0.28861521442387694,-0.24025941975029516,-0.21946909881778856,0.10669063991363725,0.43285041529137913,0.43770336144660416,0.3549272136026848,0.27215106735120487,0.3431020765154675
corr,raw,center,011,1.9421352030123933,2.0027563089783156,1.8815141415025014,1.760271881067024,1.613274709522081,1.457692336826929,1.384480641419644,1.5583801169706364,1.7322796646855174,1.4670702758396164,1.0554911196906616,0.7828074397116486,0.9268100816913054,1.0708127055918693,1.0433264592891174,0.9586772721922434,0.8955389086284422,0.8969336835794097,0.8983283986331224,0.8976310337449998
corr,raw,center,013,3.1237211815173263,3.109541569770455,3.17334989544012,3.1818871956646633,2.914069355757829,2.646251552522663,2.2115625735598674,1.7670576510262104,1.6201218723777517,1.5876357370440441,1.589140283731593,1.6246355386164437,1.561701824982647,1.2428528272227226,0.9424535897158026,0.9556978356790983,0.9689419696274689,0.7694391815323879,0.5273868959150775,0.5811762664773542
corr,raw,center,014,0.820793704833573,1.0239863765533,1.0239863765533,0.820793704833573,0.6176009964296847,0.41440828522745327,0.4031899120843212,0.5839459105392534,0.7647019392880129,0.9454579276548006,1.0012932884652292,0.9322081266376898,0.863122904405843,0.7940377090643241,0.9196962389304834,1.240098551549292,1.5605009203436617,1.8809033680501306,1.8809033680501306,1.5605009203436617
corr,raw,center,015,2.06219574920857,2.237214191228142,1.8871773804689538,1.537140604588746,1.343563713224573,1.2021401643186764,1.0798050576300287,1.0147355352962368,0.949666086510073,0.9682541878620333,1.014728243704098,1.04729335487143,1.0381314020275567,1.0289694999110004,1.0138409253663998,0.9967234796995685,0.9808728202023566,0.9688225147482641,0.9567721838103638,0.9627973843152784
corr,raw,center,022,3.253524497090167,3.472711810301811,3.472711810301811,3.253524497090167,3.034337173236295,2.8151498798614347,2.640177366137729,2.50941952933189,2.378661725621161,2.247903917939254,2.188612232225841,2.200786604845072,2.212961073237007,2.2251354279658204,2.1122575461594866,1.8743272723886206,1.6363969548723334,1.398466667485265,1.398466667485265,1.6363969548723334
corr,raw,"medium
annulus",001,0.8147490094139677,1.1461509385464066,0.4833472317359686,-0.1794565295473626,-0.014929101120861708,0.425375476286088,0.7965088111879836,0.9601285092305972,1.123748137455727,1.0241221129148805,0.8367476296415732,0.7011138062413516,0.7207026969166844,0.7402914944354116,0.43204327924684627,0.014516054888673408,-0.19823914462493405,0.20332174190488367,0.6048826813397729,0.40410220705591443
corr,raw,"medium
annulus",002,0.27433053901853605,0.3826357888131411,0.16602522260822775,-0.05058537596281542,-0.1733387263207224,-0.26480634925780255,-0.3156114473938531,-0.2444293317419676,-0.17324727261543643,0.0276612787232381,0.27181190298518704,0.44073753347092814,0.38398782085842953,0.32723811316544443,0.22598568457550516,0.10989897701961716,0.06188230171700401,0.21807577630277591,0.3742692437596806,0.29617251616436147
corr,raw,"medium
annulus",005,0.35336971895031344,0.3517907948291785,0.3588960707007714,0.33385439332374384,0.1480779106205631,-0.037698521583325255,-0.24415903721401702,-0.4518362072215458,-0.3362116094337231,-0.09624013864221564,0.04142739120026345,0.07679098231360842,0.08490894000503567,0.022188221396064186,-0.03137586700862577,0.07072283076370993,0.17282154381220266,0.23684924841052965,0.29326274625537857,0.28072642584533536
corr,raw,"medium
annulus",006,-0.15056420503714255,-0.6858218052432333,-0.06135458476624692,0.5631126027041801,1.0385439581345117,0.9675103011817796,0.8964765996407427,0.7227844924101705,0.36430738675685437,0.005830325462566915,-0.15403902712416795,-0.11530064127977341,-0.07656238008804143,-0.23530673857374376,-0.5037635573260213,-0.7722203805719616,-0.2658897893302768,0.4517465764497515,1.169382947564856,0.5542660901436134
corr,raw,"medium
annulus",008,-0.4241259942683123,-0.38239196234753164,-0.15285496708780602,-0.18266507726558556,-0.2887536386512999,0.3017983631387938,0.8195056890445046,0.6657663295490297,0.281560745051265,-0.5965011789691507,-0.6040156924978778,0.25901686002013574,1.0808871007509746,1.8835481012082411,1.436176458217529,0.8225296825037406,0.8619475221092512,0.8438559327075006,0.6302323087839966,0.5913916506055689
corr,raw,"medium
annulus",010,0.006634531348691716,0.06441668217260213,-0.0029958126663036616,-0.07040837015708327,-0.07865698317450219,0.130028986141622,0.3387149534824452,0.3534940713619963,0.01924098878784674,-0.3150120772838957,-0.4367985086338801,-0.3461183260766661,-0.2554381956551262,-0.1362808959845361,-0.0013029868921848955,0.1336749364461429,-0.011843196176614093,-0.2338602797216222,-0.4558773660076544,-0.26557700021073927
corr,raw,"medium
annulus",011,0.05091094811560501,-0.15060063162156154,0.25242255953860565,0.6554457579194974,0.6688910554092549,0.5524770529595989,0.45607025453478417,0.4196849681540158,0.3832997131458479,0.6731199801276885,1.0716754029747775,1.285708936589116,0.9461766753003745,0.6066444783073865,0.6487178735074269,0.8179930286769505,0.9671350409753958,1.0558772892588333,1.1446195464994673,1.100248418501622
corr,raw,"medium
annulus",013,0.5189683915492718,0.5498438885934099,0.41090390145888256,0.3675902959861059,0.8024083452156278,1.2372264120920538,0.9949957803071667,0.7129386993818355,0.44448653644523234,0.18126696827108935,0.220425034185156,0.5619607063502384,0.7405655598087343,0.4955502417619581,0.28200296570128636,0.6034122815478651,0.9248217642089066,0.983040721259725,0.9886217012032882,0.9873814612315928
corr,raw,"medium
annulus",014,0.1671841960449241,0.2674150024718334,0.2674150024718334,0.1671841960449241,0.06695320534109749,-0.033277767283728006,-0.18030212609701096,-0.3741198458196018,-0.5679375996793327,-0.7617554141899162,-0.7868847195293652,-0.6433257373811248,-0.49976677130131114,-0.35620779198227775,-0.3306026321228107,-0.42295132950054143,-0.5153000075195141,-0.6076486411904809,-0.6076486411904809,-0.5153000075195141
corr,raw,"medium
annulus",015,0.2258127062950853,0.27773859103486404,0.1738868132124523,0.07003511718866567,0.10074670705804357,0.17631273516877863,0.2669886834294828,0.40299419995774766,0.5389997511169777,0.3430739998581181,0.036504424608460435,-0.10479335679217505,0.249724313148167,0.6042419765745352,0.4172999615299773,0.049871387642582754,-0.20426182561956036,-0.11850899307576845,-0.03275626763694105,-0.07563258867037564
corr,raw,"medium
annulus",022,-0.1453158579890745,-0.08140759254084655,-0.08140759254084655,-0.1453158579890745,-0.20922410772849717,-0.2731323667840948,-0.23637379441916365,-0.09894838935605944,0.03847703401274992,0.17590243393716887,0.24581431624950736,0.248212805313261,0.2506112286534302,0.2530096235648441,0.22936314544861014,0.17967172771309176,0.12998031079069486,0.08028888673263335,0.08028888673263335,0.12998031079069486
corr,raw,"large
annulus",001,0.6656484475598256,0.34243059200627096,0.988866244465753,1.6353018565432633,1.326535933882382,0.6993696655369459,0.18545186600096275,0.011279469977785124,-0.16289291101164707,-0.25850535407657166,-0.3279310785835346,-0.2455987839659875,0.292007595739562,0.8296140111136976,0.9058297255201514,0.8282485255701972,0.5563854508047056,-0.29832309226198633,-1.1530317808359043,-0.7256773431599404
corr,raw,"large
annulus",002,0.2883410874605517,0.2677097995336995,0.3089723181338043,0.3502348054766815,0.16350002362354757,-0.09923386146780859,-0.23999410721823017,-0.014833163989188393,0.21032778982145556,0.23462265799044787,0.19196231566590638,0.21622735620788106,0.44126871528260864,0.6663101930017916,0.6783985446930562,0.61950257212418,0.5840764793458857,0.6190601982608336,0.6540439217561576,0.6365520566424738
corr,raw,"large
annulus",005,-0.21098898388899942,-0.22581098267319474,-0.15911203524775577,-0.11094345568595383,-0.1554266799429521,-0.1999099183970588,-0.13496361673752527,-0.06358031995797477,-0.05338382067378605,-0.06672075503151711,-0.07015869226576264,-0.06369763935988773,-0.030344409156991155,0.07292852018423973,0.1670617024116623,0.10581937134716753,0.04457701368847,-0.01664480663002776,-0.07786253123723752,-0.06425858800664015
corr,raw,"large
annulus",006,0.8102374392172779,0.9620353502868343,0.7849377998474406,0.6078402313995922,0.4679789537558432,0.4646504896500612,0.461322017681288,0.3625351248290241,0.09192296409516393,-0.178689198238668,-0.418306275985429,-0.626928459695344,-0.835550524508747,-0.6019977061238844,-0.1227922310421716,0.35641315469097473,0.5180077753273793,0.5929812705590423,0.6679547161377524,0.6036917563388091
corr,raw,"large
annulus",008,-0.12273644279256435,0.11925286864800838,1.4501942033027564,1.6252061008378202,1.4602387578337186,1.1128886051866076,0.5902034464288736,-0.9879286135766765,-1.6691279461432948,-0.42832876457816355,-0.21182776816874105,-1.0196250738979664,-0.44510729747210187,0.7744908849232812,0.7771340506771136,0.5983035345253203,0.6436885200887877,0.5121573668796656,-0.22088859995351795,-0.3541696540358076
corr,raw,"large
annulus",010,0.3903475444397373,0.6705936754028744,0.34363983247130026,0.016685982561505,-0.21509135297692814,-0.09788831622408739,0.01931471679273021,0.04929909880164211,-0.0777101315583399,-0.20471938430212708,-0.35203951749639045,-0.5196705479973258,-0.6873016162803017,-0.5910693976674962,-0.34824659702163835,-0.10542384632855585,0.018375212041126403,0.1097132125707612,0.2010512254430878,0.12276149200774798
corr,raw,"large
annulus",011,-0.3864889792220883,-0.4726326615694585,-0.30034519789361985,-0.12805769198984363,0.1194344498857314,0.3919947521574556,0.48967877860226033,0.06273357763472764,-0.3642115817566874,-0.3992963669536067,-0.30376096466402847,-0.1962915398883426,-0.053019977293789385,0.09025164871468645,-0.0009874000555805279,-0.17039666871120732,-0.249857806682232,-0.05947444839791377,0.1309088446096143,0.035717185459294296
corr,raw,"large
annulus",013,-0.27815860132224646,-0.34354977034425366,-0.049289406145166664,0.20049704187963668,0.22791459876727066,0.2553321605657836,-0.08086983952114292,-0.43846120806777855,-0.4423660763336644,-0.3102376751048125,-0.06958798877068267,0.27958282640904186,0.47782137581692424,0.28363539721886655,0.09295158457903649,-0.038196778305149844,-0.16934512923758938,-0.37449994437144996,-0.5944559892583904,-0.5455768642319264
corr,raw,"large
annulus",014,-0.04065390025347717,-0.13421346367764905,-0.13421346367764905,-0.04065390025347717,0.05290567397495917,0.14646523310626847,0.11788308546094776,-0.03284085207208624,-0.18356474354379065,-0.3342887068942585,-0.35950494159510576,-0.2592135170001204,-0.15892205407856388,-0.058630639010658035,-0.0027806259594146203,0.00862784714801079,0.02003632793177332,0.03144482067463123,0.03144482067463123,0.02003632793177332
corr,raw,"large
annulus",015,0.6104616488602048,0.7366991107430092,0.4842242211747988,0.23174937713845217,0.0895185112001507,-0.015964288262877928,-0.04514959309964069,0.15455772145149618,0.35426504985986923,0.32399217537153,0.2170592471991896,0.018738882499614456,-0.4537433631678041,-0.9262256745139807,-0.7974788108847151,-0.4683221651390034,-0.13223326845932712,0.22465230109234133,0.5815378646547711,0.4030950886478141
corr,raw,"large
annulus",022,0.40637135925564977,0.5143047182804137,0.5143047182804137,0.40637135925564977,0.2984379468588114,0.19050452782987065,0.09571112170512647,0.014057694045779234,-0.06759572660411542,-0.14924914591950614,-0.12833263901172218,-0.004846192967821215,0.11864022996026316,0.2421266911085479,0.18898945718652224,-0.04077146553590492,-0.27053235992951763,-0.5002932398405291,-0.5002932398405291,-0.27053235992951763
uncorr,zscore,center,008,2.4053184052529666,2.40863527701432,1.7472259458195065,1.9876445681859563,2.4041485456760876,1.734071321038578,1.2389216684166444,1.9327990767556906,2.2270953665468416,1.974972629340512,1.7581114545665035,1.5472869724438811,0.7066923417274542,-1.0843019001387164,0.0499242659728808,1.0937588079890808,0.6363542504769417,0.224369932193224,0.38446843719614415,0.5722197936288469
uncorr,zscore,center,010,1.8691551677477918,1.745402182585322,1.862982288372834,1.97628735924332,2.1055330203286324,2.143852028317876,2.2052317287261864,2.1274136852300076,1.7881000032616439,1.394505807794633,1.225065089969151,1.247652457651506,1.1353197591071398,1.0887094356934541,1.3038087021105431,1.4968986191665854,0.8798279737245323,-0.0658863528870196,-1.1031764351671858,-0.09705484242693851
uncorr,zscore,center,011,2.195251965811016,1.9159608203065641,2.5430370097074357,3.019450107666633,2.9219443128543947,2.6616927711263676,2.055514088239846,1.720346876052919,1.376852447405038,1.2764207276305137,1.3399398792094324,1.3164630001534317,0.7440525743854378,-0.24940378814725028,0.1468815016521794,0.7106340742009905,0.6944667189012815,0.34759866659469063,0.046074288459028945,0.321411463953612
uncorr,zscore,center,013,3.1826213345495438,3.5073625667908788,2.831156219827303,2.2457292478921422,2.1540761978386596,1.982051907057447,1.9014081130785563,1.9101365382075617,1.678211740186614,1.314291336988114,1.1492468285511446,1.1544415582452783,0.9508115372648154,0.39663111252273686,0.36261442901736496,0.5723543202648735,0.31748952573716926,0.10638847960789444,0.010776121878612877,0.20036777300057762
uncorr,zscore,center,014,2.0444583211956564,2.5405439497339994,2.441884301837116,1.948504598848205,1.60864029418746,1.1783795008258096,0.8907992352374196,0.9958856001255135,0.9021431384000818,0.7406530410631819,0.7074794654095039,0.7876302590521518,0.6609812141022602,0.37015651533209304,0.8223692804309071,1.3367075989469126,1.5920755875498824,1.95637311649919,2.0224619439113454,1.5432750667886586
uncorr,zscore,center,022,2.86879335364136,3.3422253878717485,3.221301840780832,2.72924773431009,2.3755776675048605,2.003244250123101,1.7134458093540434,1.6163735535802368,1.4494819739524063,1.2194039453032792,1.11416737540894,1.110857691715906,0.9474642043401152,0.6703744900782137,0.6843040436423691,0.723357823475242,0.38000768923929706,-0.046501766815344125,-0.1956531778779026,0.23217077464803815
uncorr,zscore,"medium
annulus",008,-0.5863895135190152,-0.7861581868992101,-2.1094479650866003,-1.1551403904197977,-0.15483662260951309,-0.09875731341158883,0.051164224544959995,0.4807848497977036,0.6548383592006889,0.1606314184093502,-0.1511855358158593,-0.6565086329643943,-0.11957420822564913,0.6615528962396451,0.9086850737229301,1.1330482626371077,1.5195909903994438,1.86161284860487,1.3528968658786833,1.1982979190932894
uncorr,zscore,"medium
annulus",010,-0.48384930907192286,-0.8812226879005491,-0.879676681799864,-0.27244251271588493,0.06724178600584499,0.168861556866464,0.3159108369405773,0.4587513622667299,0.15891104619871377,-0.21877202532917628,-0.14239786115483616,0.6392753596324438,1.6801275725577258,1.5559046868455568,0.8332978655691818,-0.18286231460172808,-0.4316829433802623,-0.2630948523427931,-0.01982819659895163,-0.1342149942149996
uncorr,zscore,"medium
annulus",011,-0.9495088499725778,-1.1087599670712902,-1.6605703039830462,-1.1361519451803357,-0.18791019765127426,0.13472281557428578,0.2965660012202467,0.28829289852405565,0.028270403547684647,-0.09915763567884209,-0.14471749084436142,-0.05468540182734821,0.7348976247358545,1.4107604955730468,1.2352593565291121,0.6633598010990926,0.28037996659135467,1.0217490319667986,1.5509787083189321,1.1603507628938807
uncorr,zscore,"medium
annulus",013,0.5671172464406502,0.7604069941826782,0.04273428500533355,-0.5843936437972698,-0.3860334661630253,-0.7241488162568057,-0.3345532761507405,0.22353947068860996,0.06347501668228733,-0.3702103324052371,-0.3900686794143523,0.01465325596966859,0.7193166840088683,0.9297278546834334,0.96998354760093,0.802454391813434,0.6497534838179798,0.9562031664846191,1.1493000795198642,1.015538068607737
uncorr,zscore,"medium
annulus",014,0.6798439617144636,0.8676070343503778,1.0486159613444925,0.591583473156474,0.24190491893233204,0.3072275423038616,0.3139462489987062,0.2923484359552348,0.011305413702528022,-0.2893301777401761,-0.37897500230549186,-0.37774992748625563,0.1301987183044544,0.6066501856044264,0.5748376937446918,0.13263325068420467,-0.37590311078007416,-0.8800845690598693,-0.7322364247712587,-0.2588038461266341
uncorr,zscore,"medium
annulus",022,-0.6335872899215093,-0.4719361891363697,-0.8289196004932817,-0.8523587392586467,-0.3687963742709652,-0.5469328589534745,-0.44890686926021545,-0.1180358299106884,0.20613742480872835,0.3384590934440534,0.38935285967093214,0.6855396265537295,0.9269791573094162,1.12962862735698,1.1249383743977848,0.9794032261340906,0.8480990492562678,0.7241658445035878,0.6858635709592862,0.8447743443019686
uncorr,zscore,"large
annulus",008,0.1754738580473641,0.10621129037708653,-0.25445845773637177,0.4270489324616268,3.4273989478908042,1.6548159413103607,0.5670204027656467,0.4553378842726288,0.15238688327482547,-0.6899942844638085,-0.6688794909529648,-0.1313404558773778,-0.18838368057129906,-0.6487110308829425,-0.2528312467296382,0.5030843544319631,0.20979511212521126,-0.06647660681106968,-0.13379276358989528,-0.06212113342797381
uncorr,zscore,"large
annulus",010,0.06919785618286264,-0.3189720124039165,-0.07166505242234841,0.5007770721612408,2.148452167782323,1.6426494926439958,1.0190879281376513,0.8275607118813872,0.374321093085976,-0.21785629927807781,-0.39354782024739576,-0.15535518048362007,-0.03020243278588238,-0.17628443533891838,-0.13813358726228378,-0.06944145221745508,-0.24972145359319645,-0.5446364746858771,-0.853569756766627,-0.5502168530935455
uncorr,zscore,"large
annulus",011,0.6009412467553433,0.9322614178257677,0.25620902693739295,0.08246586328399358,0.5720504146284329,0.9005270729017065,0.555087930366436,0.6792625407538835,0.5852460569410248,0.03782177825449984,-0.5094052764265822,-0.8529941945711881,-0.5069780482845349,-0.5060961444097394,-0.31191324728631153,-0.13789573826778784,-0.07120970225387305,-0.25686861072247835,-0.4080385887496949,-0.27899173769263735
uncorr,zscore,"large
annulus",013,0.3269922667485203,0.47378813656523067,-0.14085350578112737,-0.5936859800060724,-0.5670740479724872,0.057493710300980605,0.5883978459429817,0.9280393108239946,0.6201371581092989,0.1873647112736062,-0.1620547619994436,-0.10788502384022249,-0.24753478520062155,-0.6068433991690027,-0.6797220666703588,-0.11418160133165457,0.5322864706512976,0.12116215001317891,-0.3571746015926052,-0.17899994734809377
uncorr,zscore,"large
annulus",014,0.03913517384458437,-0.5279867588739509,-0.499960171171833,-0.11123150226746495,1.323582859993612,1.9125382100975579,1.184476748268979,0.7646236035454816,0.3328506487058388,-0.26656174351250994,-0.4558792711945646,-0.3390369872011031,-0.2333718211814586,-0.33942074211451134,-0.18663380728977608,0.065646310283413,0.11102675188309577,0.03182013513318091,-0.03790604369166825,-0.04424258717320137
uncorr,zscore,"large
annulus",022,0.5527859497422214,0.8183710113935231,0.46143534521615986,0.7573866302285576,1.4223456718359886,0.767299597158722,0.38163056578136545,0.30779170162209757,0.12275850789975572,-0.3657446266732107,-0.42016167575686547,-0.17063214703087942,-0.022578273806710625,-0.037336254205949354,0.018947535148544456,-0.07126512700323216,-0.4013119819437004,-0.7995850576428167,-0.9337332401743196,-0.4850650355268807
corr,zscore,center,001,3.3609632678650065,3.2929830000191274,3.427730355768734,3.4948256691417114,2.8690514531190807,2.2068786034956576,1.7140653708140017,1.413129593447142,1.2507782843671322,1.1133475767337284,0.8923575449201069,0.5970415267112913,0.2496893081587901,0.06532245417003335,0.17194709454363788,0.29041451296918896,0.2981444837429771,0.23469962509200892,0.3592585706612283,0.38351206173696023
corr,zscore,center,002,3.518844733226201,3.85020487025359,3.1235025788735804,2.1984605733840574,2.0235975824866825,2.0723125774895306,1.9769365286620277,1.560083571202417,1.3266106983273318,1.304781279134503,1.2388739311653314,1.0721265411969727,0.8162292554775673,0.6224880777937541,0.4143193784744165,0.1764547734054961,-0.13580345436304142,-0.2913667309988295,-0.1423685347660575,-0.05506606121528379
corr,zscore,center,005,3.8859535304741004,4.087573646383416,3.0165046224962535,1.86875870358658,1.63134665342838,1.4334843422191297,1.3980054584098194,1.3288730963288469,1.4555020383487525,1.6440281296797645,1.4959402219942122,1.0779742117843454,0.6875368177297143,0.6239885207116691,0.6229245891204489,0.16065020034942645,-0.44000617671987174,-0.30174025574380936,0.24267160488161177,0.19857146096039935
corr,zscore,center,006,1.8233700061679263,1.971718872831747,1.5631959080390985,1.3115166305795638,1.2262980238837127,1.3320825111560122,1.4071578845356978,1.5718284530168805,2.0555986271773405,2.5314435151802614,2.2438394646740893,1.371252593440659,0.3577359898910385,-0.14023754112515918,-0.1367757578137988,-0.17491662463026025,0.15170805722766234,0.7474219314315689,1.3631230732674036,0.8709755693795687
corr,zscore,center,008,3.950760803936359,3.5929683106652095,1.4241516717030267,1.4418780412870842,2.1476983905280047,2.4463907152529045,2.4910010971059915,1.692435327293019,1.3093256277836487,1.248455541238466,1.1861690943112277,1.131335248982667,0.8812191878104345,0.5602675983371181,0.42342715289225535,0.28879361057099373,-0.20042155322992894,-0.49575947743263993,0.13785850859957438,0.22769563341641186
corr,zscore,center,010,2.9107441566378114,3.245773143869455,2.7659579962150613,2.20686050235967,1.795290719959461,1.8533828711094356,1.8753950842116196,1.8044237523183897,1.8677257574621384,1.962121958809,1.547597927078447,0.7002237224207541,-0.44418945946403876,-0.5705129354947827,0.036468383410588,0.5656585281410378,0.5188047589609466,0.34553689573033314,0.34806589972675933,0.46623624267945935
corr,zscore,center,011,3.431585202142011,3.5640336870455576,3.2655576828738804,2.83539016941758,2.274970954574722,1.7976133067633862,1.5614588167086831,1.700954162200417,1.9059616501303287,1.5382960452146899,0.9210229612737908,0.40009377454271056,0.29186181000335043,0.418881518343806,0.37994951422543005,0.2402083151112192,0.03924467026602063,-0.004169937447025429,0.18743239200644146,0.21023223410608904
corr,zscore,center,013,3.3305129420797197,3.3178496360976912,3.3701427942011044,3.2807570064731566,2.7356142660663005,2.282612648253594,1.7606990220275547,1.306174775440328,1.2006745737629443,1.1989150000284123,1.1223281944147516,0.9780237655996689,0.7453214375075068,0.4018748379958785,0.19226311135538,0.19929628557273937,0.11605195555737124,-0.0921141320612271,-0.06178399760335851,0.016227477843476223
corr,zscore,center,014,1.5587549512288574,2.068860510669288,1.7996181447343553,1.1422141001157478,0.6587756891445898,0.2805053000094191,0.3582407464554891,0.726987613450706,0.9942160911963027,1.2548363381574004,1.2418526145297228,0.9939407140323356,0.7021233440326233,0.48676068350948376,0.683772362164941,1.1713957789157803,1.7252277050231646,2.3690904626240723,2.202000983742878,1.6170337253105407
corr,zscore,center,015,4.007423380794096,4.385902922478536,3.604589271536989,2.5248392481277904,1.8713590134692053,1.4593155617476292,1.168498151525088,1.0215839314699575,0.9312026277798329,0.9858358612404245,0.9823746485624718,0.8579923392359547,0.6229005687907174,0.502233101657624,0.4768097968151182,0.4431761938272246,0.34584422517525554,0.2960264444907537,0.42034855165446516,0.43584746782805855
corr,zscore,center,022,3.217752622028457,3.5314144328389583,3.5499270170037445,3.078886206898839,2.511918450360479,2.0446586899194372,1.707856160602899,1.4362737669003491,1.2988606149025148,1.2018401043586504,1.0771610607003446,0.9213200557041442,0.7317238423389714,0.6467741777181129,0.52212740985184,0.27662384750246427,-0.07375994766054617,-0.4088432864893685,-0.15868781707780166,0.1126417589317309
corr,zscore,"medium
annulus",001,0.3670060312856005,0.8475231212703155,0.13019873598349976,-0.3818793097399049,-0.4094353123657756,0.14518565140800918,0.6194996571135849,0.753213836518436,0.821938810951301,0.6388020997059259,0.44724897024461224,0.40274057716016365,0.5304920967276576,0.6580691790630133,0.10833351187627926,-0.46572980276354203,-0.7405556797591547,-0.14561391623485248,0.45623490394138333,0.1449799755577247
corr,zscore,"medium
annulus",002,0.3701866210362889,0.6805075804212221,0.20704719327329796,-0.06316522764972754,-0.3304602987381409,-0.44695269409618416,-0.5511942065617198,-0.4325402122895434,-0.3489248892682161,-0.12526464821072927,0.41745289097310717,0.9058822198183225,0.868313414845812,0.9041445358067624,0.48090017759167875,0.13252955248672763,0.060996761121788895,0.4937030604833572,1.002045104461495,0.6705595828905101
corr,zscore,"medium
annulus",005,0.5445500805771346,0.7136956407289133,0.4137188414278652,0.45735279678108454,0.3116315694179394,0.049187059005940115,-0.3639030014945853,-0.8183304526155426,-0.6218237594142592,-0.3254439567145828,-0.026895764922113527,0.20461180554113106,0.3369979917681612,0.22867625329209718,0.010738210554903649,0.12455899893577899,0.3723575978491642,0.6214333762106936,0.9153330350149249,0.7278990010404445
corr,zscore,"medium
annulus",006,-0.039271752648815494,-0.5575514088754777,0.07641422524407004,0.32925565883631003,0.822904629577691,0.9191585295907134,0.9292422040829588,0.7207428589054881,0.3316590152949836,-0.09587678168464736,-0.2531187703283985,-0.05337887641435046,0.10865137528340413,-0.05413466804685574,-0.3417564581042337,-0.6258083353154991,-0.21519555080398475,0.5145724204998459,1.372873568331803,0.6207590344190721
corr,zscore,"medium
annulus",008,-0.2419540801196513,-0.378884192750539,2.063217987829935e-05,-0.10568026692172572,-0.24106675626785296,0.2276819037847594,0.6322885239839322,0.4687728112957237,0.11955394238497492,-0.663973501264931,-0.7262838163291858,0.11458787816089791,0.8193591134964624,1.6870869556040067,1.0175423425415646,0.43870954733991974,0.5171865349824617,0.6146647137656756,0.5833297879018218,0.455487131407164
corr,zscore,"medium
annulus",010,0.2783102744166599,0.4574659814622415,0.23380438259061387,0.1490159063751523,0.1864644735896254,0.7179554696613548,1.2298511212810417,1.186316325666402,0.3864861283945814,-0.4648840382731637,-0.7974473670163363,-0.3954268798157982,-0.052054655797969474,0.22839519136892772,0.42503722560091495,0.5824168700361172,0.32128486599754863,-0.06317690974092344,-0.5924440201889851,-0.07743561265131926
corr,zscore,"medium
annulus",011,-0.40434636190379597,-0.8955974122843285,-0.07185867411430685,0.119613905647244,0.1741798370251103,0.13020291271895235,0.033039704042085116,-0.0520888768327149,-0.16502341594737832,0.05047994461281028,0.6379169010069762,1.0482516479130302,0.6755544565500025,0.26431603028187955,0.2127134006086018,0.31741213946045194,0.5573592057008266,0.7876860790303442,1.1038464370938037,0.8513013594022323
corr,zscore,"medium
annulus",013,0.005986549361008092,-0.0035879149409125954,-0.003148690843955332,-0.1402109168713727,0.4091271360404922,1.215028955245578,0.8986669606810812,0.3796458100319434,-0.12185109896454546,-0.7368996076263239,-0.7272616725625611,0.06048896474671411,0.47837079646170877,0.06787406304995891,-0.3694735039553293,0.07192062236290248,0.6389436188940409,0.8498465588749755,1.0487069910192968,0.8607020541674439
corr,zscore,"medium
annulus",014,0.6192438118702193,0.9625899226774816,0.5159562833230689,0.5475297713557339,0.6653103364802162,0.6698121143399542,0.5168517523346499,0.19463998221416468,-0.142216240022669,-0.5959910182507653,-0.6863381904812659,-0.28122202196964063,0.06466339544593375,0.30732026845557564,0.22976425690227492,-0.0028711085083760746,-0.11938182544583445,-0.14897269889614528,-0.11971892856737981,0.03644067170121751
corr,zscore,"medium
annulus",015,0.23784625642988488,0.3899634435528738,0.1686618414600039,0.007183675621272978,0.05241437922611425,0.30275064276925784,0.5420517738663628,0.7807897739165879,0.9453914855025087,0.4533805072739102,-0.2621129572131101,-0.4261304264546843,0.5056694040824912,1.560891817203322,0.8154595738110044,-0.10712545846135393,-0.6711893283476271,-0.37404958006377453,-0.15416292603095766,-0.21249254069683127
corr,zscore,"medium
annulus",022,-0.18717738145706592,-0.1599609452519032,0.02611896529013369,-0.16033716604225765,-0.40895328351379373,-0.5217105355687399,-0.426104878019656,-0.08625231702502534,0.19231182800363802,0.44507757155053895,0.6994582397889577,0.8186512621151358,0.9068572641202588,1.100419383801241,0.7884529886986182,0.5134775298961768,0.4299620102176963,0.4003972842524658,0.5168762171850818,0.560434096266017
corr,zscore,"large
annulus",001,0.403292235535096,0.2463755045910594,0.8977016306620389,1.6052067890854922,1.1303798967172272,0.4740720326688328,0.08725078419329953,-0.22517425369846072,-0.5620063811727027,-0.3514592201337402,-0.3585684765663905,-0.5125653007593509,-0.12913545811051894,0.49604176217234175,0.5582333538348244,0.4417420999643523,0.2678538063822625,-0.2456215000598917,-1.1794156689296638,-0.6481629977903418
corr,zscore,"large
annulus",002,0.11759082533273056,0.0994819910093151,0.3264554787412853,0.46186448512038014,-0.00026770422454358567,-0.3624488673153246,-0.4398437147611314,-0.5345657859858083,-0.4630982796004439,-0.2527121285891931,-0.2825468322047257,-0.3896437550841754,0.04263355394043361,0.7608735113385096,0.7547352049969644,0.5553337237302746,0.46091792418994404,0.46573452758008227,0.6237123603961117,0.46514748099083075
corr,zscore,"large
annulus",005,-0.37500456850437036,-0.490769744377487,-0.08786307800481213,0.1674511735523092,-0.11443497630528277,-0.23474483097032078,-0.0450738331424628,-0.07332676776363664,-0.1534275074255096,-0.16343206390592424,-0.17577004747168437,-0.21304682587565701,0.025311523011499526,0.8280758816889902,1.2326129342861407,0.7898474588108819,0.5137334751642532,0.2530373152880811,-0.09051715470812094,-0.006701516569394076
corr,zscore,"large
annulus",006,0.626646550270133,0.8461651243506908,0.9187523768405159,0.85515100028885,0.571683497501708,0.4154190256336814,0.24002883107458653,-0.005500371899920878,-0.36910567132555594,-0.35270460190489095,-0.43513635837371367,-0.8375517527038916,-1.0065394202856988,-0.8430294979756549,-0.20316907357361516,0.23278621791906812,0.3209386022927082,0.3206883714578671,0.41543609099620854,0.2783137676304432
corr,zscore,"large
annulus",008,0.041883009107214514,0.17435896046813526,1.1160379830830087,1.413972640462487,1.1008657305576606,0.6460155390663835,0.24621270205168327,-0.5455353787407472,-1.311977447682278,-0.33082775812200677,-0.2673106515979267,-0.7341286911344277,-0.4384049510569671,0.4304310169916983,0.4502246763008293,0.32177851947989755,0.31248879312198985,0.20326496127279936,-0.29382855454039614,-0.28638297788227485
corr,zscore,"large
annulus",010,0.7430223176451075,1.2313795970457235,1.0211709869452088,0.5818258923147843,0.10557926347990418,0.21906361907306943,0.19782720213567817,0.03533642257820478,-0.23793793235675598,-0.26116877329712923,-0.3497993379980502,-0.7269478525255253,-0.9234447572903287,-0.8219994379820769,-0.2749517976732161,0.1051403956119037,0.22687753237946795,0.2688684909211785,0.4108089278848187,0.22649542216137453
corr,zscore,"large
annulus",011,-0.2756089145010161,-0.4659560863614357,-0.0466477199034363,0.3408504709139055,0.7795100399732424,0.9689459552412518,0.7283445398897925,0.12180563075462299,-0.7704776988938111,-0.44626699559302113,-0.3439773078512871,-0.37588653675173955,-0.06258744273711109,0.46293850585921437,0.30447822403006086,0.03145320800266106,-0.07697397059612987,0.1180444039034566,0.4449952230428951,0.19472287051096243
corr,zscore,"large
annulus",013,-0.042908062785997264,-0.14398355951326547,0.46285554794045497,1.0186422710892686,0.9029508668844828,0.6873648823205536,0.14533539150583646,-0.45880224989710733,-0.7904357304180506,-0.3232323731999224,-0.14875631109353127,0.22629820922289662,0.6684964679824987,0.7586523365859232,0.43390832233660603,0.2248906761433129,0.05991361805648879,-0.25656455640860126,-0.9086765273868375,-0.6333379856196377
corr,zscore,"large
annulus",014,0.2671415638944113,-0.008372679175078973,0.12332163955220732,0.5468289899169626,0.8086560829012078,0.8456467672023134,0.48652106162435693,0.0016393649979786623,-0.6596225941170974,-0.6222685994861997,-0.6194161193828143,-0.7425689285062143,-0.4129666579793857,0.09940676863718945,0.36156304923984584,0.36091636697878404,0.35917066499791783,0.33932560226052527,0.36428130411208404,0.25534921989044335
corr,zscore,"large
annulus",015,0.6744664647416053,0.897486853447475,0.8580605621715218,0.6444746120621339,0.36059264097096194,0.17767582615866548,0.05864141080354805,-0.022538657573553812,0.10308715326883727,-0.03213484141036144,-0.10150236950425222,-0.2705470510145428,-0.6331474018298533,-1.1994556007717436,-0.8125548717319264,-0.31583537200197054,-0.023005137242059576,0.19729529031871493,0.5944583058820517,0.29872177692381
corr,zscore,"large
annulus",022,0.6717492627160008,0.9303409598666699,1.190735790516466,1.159573596116059,0.7863431461339551,0.4337313685226253,0.17053610075401476,-0.12492468622353535,-0.4232083919571966,-0.3202154197898587,-0.29467240729777505,-0.2915634109550249,-0.027031108270060222,0.428037833223346,0.360554560550264,0.03407524429607199,-0.2343660580650098,-0.611710714540686,-1.0454918279502279,-0.4772693951792707
uncorr,norm,center,008,2.1834006467337717,2.159496010251819,1.7442950603237903,1.8954659885817662,2.251967371667612,1.7047763767390418,1.2812410203122502,1.9284175651028055,2.238691754726343,1.9999543560363466,1.7862977428964042,1.5751531438394066,0.7176901819157239,-0.44283906954857455,0.2006626956780556,1.0915660268100476,0.6291282445246245,0.28950675966085526,0.4647418418375884,0.5903415539065798
uncorr,norm,center,010,1.8199508771300623,1.7897427491799585,1.789884320203752,1.8279146401804969,1.9201963588072917,1.891659922973798,1.8800365881523473,1.931075385069769,1.688244051705087,1.3771328719840221,1.2387726669119108,1.250594709744819,1.126136668731738,0.9824599111731939,1.1618107960860429,1.4024077845594822,0.9132915866437304,0.29266414532649143,-0.2492137288526045,0.25519296628486543
uncorr,norm,center,011,1.9319176644448486,1.8503689153007208,2.0094431901733323,2.206406353099135,2.243742794381082,2.074445092390159,1.7401505258182328,1.6331502994363716,1.4135889112997604,1.300537091181753,1.313574928333699,1.2947209370491997,0.9081381199881946,0.45650675077357317,0.5826164627019783,0.8633636106927081,0.8197627828065631,0.6001350588958342,0.45925666104136553,0.5881291221877466
uncorr,norm,center,013,3.027117846081558,3.1647470326802845,2.634626704295854,2.2122140391829963,2.1887895685315972,2.0285711483352777,1.9562515859246574,2.051497020355553,1.7644645099751415,1.3054149095744922,1.091648187139214,1.1005955452409728,0.8970693535522045,0.4303914889529822,0.26844464033777127,0.28953895754556647,0.04314412453393168,-0.07303084029512918,-0.0833222372369411,-0.008218312711731346
uncorr,norm,center,014,1.8843587330786582,2.0720794947485195,1.993468951506914,1.8023201317440736,1.6610655694880587,1.3830172346039253,1.1825096424702974,1.2060191868718106,1.1169675834981594,0.9596361946554013,0.9098183519099214,0.9449455030854402,0.8437926088736925,0.6775911313433763,0.8962958189596241,1.2635862356393852,1.3633875502193455,1.4577385993221532,1.405957340642289,1.2653994093352066
uncorr,norm,center,022,2.642101280508487,2.899936745089453,2.8213262018478478,2.5600626791739023,2.3486934227675578,2.000530398884428,1.7143129660082999,1.6365174052655587,1.4461607330907782,1.1875241067523608,1.0660881928391075,1.0592840088189461,0.9161999163230494,0.7080671451345878,0.6762963695812921,0.5845669877603901,0.2253483995532809,-0.13932034369617619,-0.19110160237604046,0.1273602586691419
uncorr,norm,"medium
annulus",008,-1.136420382615583,-1.3591068805277553,-2.656140097362698,-1.9629665401977632,-0.6310324086080745,-0.4058146677884461,-0.0859784908090997,0.8400625096762474,1.1496598176807356,0.3255454356474521,-0.484599611809748,-1.27608999713647,-0.5116434490802454,0.8651671640220545,1.3534380391090843,1.6593388999768157,2.0309942314458675,2.28967662145932,1.779784279509645,1.6650349448529562
uncorr,norm,"medium
annulus",010,-0.2140306521132177,-0.33799835985520627,-0.4251504636358399,-0.2430926453730975,0.05074937720936067,0.11354118624558429,0.22950497428998212,0.35047535264141466,0.21635178272097264,-0.07808471076273521,-0.08044450722619828,0.21395766732044125,0.7554019261268402,0.9213471165222249,0.6201566467846054,0.23651372040617114,0.19123337878037028,0.3072912215816535,0.3406076490140081,0.2805787567669605
uncorr,norm,"medium
annulus",011,-0.698577396312621,-0.7362907683825795,-0.9125855142069021,-0.8196703469452906,-0.2956291622812774,0.1731441342546674,0.33119692735659834,0.2860228611177212,0.07865779286007141,-0.11365572838263122,-0.16293916308881765,-0.03639462108166092,0.5968938281835525,1.2317288360632315,1.0347866068495093,0.564021821645116,0.3387588833200712,0.7222047014255493,1.0229091011445068,0.8443266239054796
uncorr,norm,"medium
annulus",013,0.25471566789135325,0.29174300250576013,-0.1864226878889152,-0.39306001189952844,-0.4555206077789086,-0.672762769673195,-0.2632018070957017,0.23672151699091737,0.148463461093657,-0.26395000244019545,-0.3123848593775528,0.007844266985480292,0.48877138386725727,0.7467502540658013,0.7425702330074335,0.5795593703412836,0.4887284309840147,0.6282521367779701,0.7133568168013681,0.668735622285998
uncorr,norm,"medium
annulus",014,0.20158930674941145,0.2144816471649702,0.010617071481512752,0.03914162862285031,0.20025106208362878,0.2065787996380183,0.2305121584847032,0.27549840667453024,0.15829372577867196,-0.11922384814678999,-0.21588166017119234,-0.1269943242970611,0.20893511560533784,0.5464108944402877,0.5279371066317413,0.3287273220815676,0.20169746398880462,0.16341032889694296,0.15433364541944644,0.2425935663169117
uncorr,norm,"medium
annulus",022,-0.24304848649748262,-0.19574198750198346,-0.3996065631854409,-0.40549616462404375,-0.2788009771092715,-0.3068874207544267,-0.1783885581895488,0.11014298441659337,0.23648355659817405,0.20251124683724953,0.18952787310703909,0.20221895384694588,0.46195205921404126,0.7232314662498467,0.6980801508545431,0.5617116141874909,0.4975229655303296,0.5220771600416493,0.5130004765641528,0.5384190678584367
uncorr,norm,"large
annulus",008,0.13797850998899056,0.015383270931670995,-0.7823306510234873,0.619857351858465,2.802748487882673,1.8455562689824399,0.8477703071890172,0.6365021908040731,-0.02778097757912193,-1.5676607020155302,-1.6375134436556276,-0.173659485833549,-0.3881966066907364,-1.4590312198944115,-0.5115508397203979,0.7529352039992437,0.3647140833248999,-0.04548326123327999,-0.10332845817433897,-0.026069364610922754
uncorr,norm,"large
annulus",010,0.0619330961583677,-0.2108462022109037,-0.07984532793911886,0.37050655102074836,0.9919571913988128,0.9496514506734357,0.8896131789672537,0.836523974900155,0.42536634616417857,-0.21417848878266266,-0.42542089492830176,-0.1446811502390801,-0.02480866922123201,-0.1727253444861779,-0.1395527209686242,-0.0021325281125728623,-0.1709762364073745,-0.4620965044829482,-0.6889908421822892,-0.48845621479159806
uncorr,norm,"large
annulus",011,0.7163496199616802,0.8982958675373883,0.33918678164084265,0.09942887400148287,0.5407576155072784,0.6766638985844653,0.5517504902131694,0.7567162532950253,0.8106977269719574,0.06578932849348973,-0.6356063987722405,-0.84773146432725,-0.6449911396599414,-0.5903707244102014,-0.3698686464078911,-0.07234924875320776,-0.058834773174253695,-0.2563956470686128,-0.38973061461709657,-0.28891713448601647
uncorr,norm,"large
annulus",013,0.32279657267142,0.3929736630319979,-0.141966092010066,-0.2744525796460212,0.23617229298600295,0.29021252195636427,0.523015764029512,0.8893733165064173,0.7079560247042903,0.14553970686529316,-0.14670871650773887,-0.1051096015920475,-0.24779022420768318,-0.599463273428252,-0.6674956870133035,-0.018119354443976485,0.38203744712783266,0.07033260351816802,-0.2981748761187899,-0.16028884389935166
uncorr,norm,"large
annulus",014,0.16905061083718342,0.09637954565409965,-0.07969664320809867,0.1266788506826051,0.5606542949991216,0.5380450597260908,0.4446335402373307,0.42014804110142445,0.24467827286993526,-0.1591787840304841,-0.3047749632187946,-0.1284306202547008,-0.11295358590182583,-0.24559640126271237,-0.1292476996311243,0.09276777165458236,0.06556371619650173,-0.06835932603454227,-0.14701752421712644,-0.0825034916693976
uncorr,norm,"large
annulus",022,0.5465326989225442,0.6476105207459792,0.4715343318837809,0.5041609387679659,0.7643874753003236,0.5680293192367016,0.3700651104938158,0.3102231329002291,0.09939690359881126,-0.339816591920158,-0.4451387440751511,-0.15288984001837386,-0.02150823120003112,-0.038246480208465994,0.017964617146788806,0.003800330844846475,-0.2595834722945583,-0.6296862386259694,-0.7083444368085536,-0.40765068016045763
corr,norm,center,001,3.0603547743508637,3.0611409772856417,2.894289240718079,2.879196821613713,2.5517445672491252,2.1043511438932905,1.71030265346572,1.4309592928261068,1.231196880030616,1.036636505125495,0.7358936000046952,0.39689778037475176,0.17579116122226357,0.025364282496378676,0.09038444291169412,0.21919372864977094,0.28327168152211923,0.251463172698138,0.29080797840467354,0.28138256153425956
corr,norm,center,002,2.500303959788046,2.677791272635871,2.157537277978107,1.7890425076188503,1.7079598588121319,1.7068598915196134,1.6646014263460114,1.4535375276188383,1.3220546101380686,1.3145906114363528,1.240549655194634,1.0757135776079818,0.8711394470037137,0.7372450712660283,0.6160340588358589,0.4910242102997562,0.3625491643055354,0.32198576273563906,0.3525756946449663,0.34752766059139206
corr,norm,center,005,2.560170577784967,2.6884478744995404,2.0871865111241,1.6844782849865978,1.5746578039800783,1.468655452335449,1.4153324106983993,1.3301876119392295,1.3875311209403183,1.4974110373164153,1.3873902087907637,1.07955954586902,0.8200544781068189,0.7477450612566443,0.7285809513398335,0.515457732208399,0.2801987094273002,0.36358096658356676,0.5754647630338543,0.518532144156103
corr,norm,center,006,1.8727669899839112,1.9879789174389977,1.6411971469830795,1.4461745888827404,1.345055321448725,1.3760329382575915,1.4105496176164731,1.5757780037660427,2.1183508106764797,2.6892649031588283,2.450160279606357,1.4231279752774162,0.3996074030439243,-0.020894892689497624,-0.08028958647096951,-0.1259226953127609,0.23850599489310587,0.7527069553993101,1.338061158983486,0.8724114154341579
corr,norm,center,008,4.0060251711299495,3.704616255416239,1.457790857281502,1.4629331076153669,2.1447018111230314,2.565174008058038,2.8030916678326143,1.9076598925538677,1.3046196363228566,1.1859430680396068,1.1349479168900163,1.1737251178454948,0.862170782329534,0.45616931582963416,0.2375560513486935,0.035150413808029524,-0.5426281670799868,-0.8384005176411673,-0.21265944888678034,-0.1379636934391424
corr,norm,center,010,2.3667521166628642,2.5631656840067643,2.1216486298111548,1.83189081763256,1.650922311838221,1.656632782133881,1.6658823905351867,1.642831372850604,1.70370249360049,1.7929148450885792,1.4810905663846,0.7903205140225813,0.1030621837371275,0.03614855284443519,0.33996850459104233,0.6575499611633692,0.6316887886770657,0.5500986814946893,0.5396618951589429,0.5846901541432368
corr,norm,center,011,2.5971833851169492,2.7143108035977215,2.314776755536474,2.067001832949896,1.8523901679359986,1.6330113724369197,1.4995424583455745,1.5784723296255623,1.7369833123682332,1.484726639776078,0.9876306823437977,0.5530516012466106,0.5386705471149857,0.5949692191903506,0.5451431859027801,0.4519156800004911,0.3580631977951614,0.3606440134076718,0.4343780883771181,0.40775797330902663
corr,norm,center,013,3.2851487428416797,3.327475443609658,3.11299188869389,2.9949965267673324,2.659564193391544,2.3279499673524513,1.8330037697055954,1.2935292429009337,1.131204899280265,1.1116714802003034,1.0276592256045267,0.9012590793712032,0.6799416696261249,0.27338872004100145,-0.04935030445073718,-0.04468437729285657,-0.06215436198601443,-0.26047110941955265,-0.43018403512112946,-0.4023174147388213
corr,norm,center,014,1.7845459795751166,2.0442449638096933,1.7659530832242603,1.4362277493534326,1.16542054748059,0.8984314134744318,0.8269558216472395,0.912742215831167,1.0781096796077163,1.2718183842282502,1.242136943755353,1.0111563808096395,0.7836874624665111,0.6268983152997932,0.7302170581811338,1.0420410519945273,1.3317293021473686,1.6533177905153804,1.725657150431114,1.3793319525446763
corr,norm,center,015,2.8140123264923824,3.0455370810268043,2.417208389682183,1.9406389516508742,1.679447566817747,1.4742275951079236,1.2916352697352156,1.1315961431304191,1.0511381293720452,1.0826789469777514,1.0436362015364906,0.9143059115856484,0.7467602626304934,0.6498944086887382,0.6124260471593189,0.5867302826870726,0.5401655045483321,0.5293012397557826,0.5895902687336159,0.5696927190585617
corr,norm,center,022,2.8217868179011587,3.0974804436276524,2.819188563042219,2.4734685876794744,2.1866667703566485,1.903683054177861,1.6684533217700952,1.4427258806932517,1.2965795120103125,1.1787744205821513,1.0339659335854126,0.8842449050864698,0.738035677367123,0.6625060802707374,0.5272884114795849,0.28077981890330395,0.012135382745488199,-0.2246088639800372,-0.15226950406430362,0.05973803314279591
corr,norm,"medium
annulus",001,0.41660165575120417,0.7523504677260429,0.09632077454808446,-0.5924368678643688,-0.3795523964798661,0.16266997158858798,0.57116694689442,0.6871178385191385,0.7642162226658856,0.532294241685545,0.35230156421678865,0.36406186942650026,0.4983592527953287,0.5705953080845991,0.13504050207823481,-0.39134355207518057,-0.575377358569453,-0.06563613215816205,0.43376476439174855,0.16920989889280624
corr,norm,"medium
annulus",002,0.31120982771877714,0.42386196035578194,0.2140254077833482,-0.028539071916817066,-0.10293537931672225,-0.092485211592298,-0.10592666932441203,-0.08241336009042166,-0.09775254504227324,-0.029139950143092924,0.22239247992340705,0.5387122390190815,0.5966710191000784,0.5925685691776366,0.3640095497698983,0.13906601241876787,0.11977073013548967,0.3841445446027348,0.638177969174661,0.49630685036425787
corr,norm,"medium
annulus",005,0.4257754255788662,0.42854338430013106,0.4424226738042035,0.39142711529805385,0.25400767555287496,0.17014903401049097,0.0010521587837357682,-0.25429381764168824,-0.2251904639322482,-0.11751494958023498,0.02753438606679516,0.2102921057900734,0.33311855617499625,0.323045095336568,0.14217441611407905,0.1354162840911723,0.266236390159,0.43844443463880023,0.5926978895986705,0.5163871779735434
corr,norm,"medium
annulus",006,-0.1824071150978484,-0.7133178324615393,-0.0820765983520734,0.5164367079892315,1.040225106377565,1.0711092400863371,1.0374391789492368,0.8160782653007694,0.3710799155690706,-0.11969310216471102,-0.27218064894689487,-0.08604813449256704,0.06739861939266051,-0.03869848132249859,-0.43446189089257514,-0.811775543933758,-0.2767235596727381,0.5490931459887635,1.3645694742188894,0.6856782255825629
corr,norm,"medium
annulus",008,-0.6626574074037457,-0.6165764926405651,-0.38026548374835994,-0.4360294750552616,-0.49376099348297414,0.19870879896862398,0.7537797652782713,0.5523715993649012,0.08164477078875379,-0.9287131096711561,-0.9288458173953321,0.08158086373261464,1.018159597156949,1.8734678553847588,1.2987896215762476,0.5762860160672169,0.6444252486920624,0.7345139991717851,0.6187303323633024,0.5161152829697908
corr,norm,"medium
annulus",010,0.23864677228837983,0.30077580595469,0.2401373247482638,0.1467708861283621,0.18687931606894498,0.4974830760465736,0.7435326837913333,0.7106429952529892,0.28986866860045696,-0.17668035391077969,-0.2910849794562131,-0.05301066828906581,0.1523779548259697,0.32418251226710304,0.33185383054165524,0.35797492408474063,0.24117818448131856,0.12734144081778367,0.0031643116467729437,0.12969028622860415
corr,norm,"medium
annulus",011,-0.4756009708334142,-0.672765667728181,-0.2629684629355342,0.11410085431623548,0.17590319476399469,0.16140698297584316,0.10236382495496493,0.018309732156301384,-0.10459676693024925,0.052927543612097144,0.4588647722637372,0.8202924344880089,0.595468665892763,0.30858372667031836,0.22335053105255975,0.2837688564268408,0.46163226174462113,0.6585548499095318,0.8451370642651872,0.736991545052258
corr,norm,"medium
annulus",013,0.022361807216015495,0.05758418710255339,-0.07458178639949437,-0.14384927300139314,0.33932581918613053,0.876061676724061,0.6711946853431104,0.34146879799988406,-0.013504609015101837,-0.409020133628739,-0.36248026191012134,0.12644953886489435,0.4197628850168858,0.22739482474065287,-0.11345904213781788,0.0990934439135184,0.44922431959389486,0.6156236165261865,0.7190445535847712,0.6540299223979917
corr,norm,"medium
annulus",014,0.6343420660362591,0.7389197553055681,0.7456937689380476,0.6195090813820163,0.5676351336361916,0.5693219516728705,0.459661233263524,0.218174707123038,-0.0621642908150756,-0.38827806176515334,-0.40602556130005135,-0.11507245054187759,0.1431950082314316,0.33940124532100824,0.2376998143626763,0.03649428718970313,-0.027132997809934584,-0.011301291599428165,0.08653866551559325,0.11511290797147616
corr,norm,"medium
annulus",015,0.20971278798834445,0.26598555557052295,0.1689077913805908,0.03910221422768209,0.11817084705506177,0.29565466582730127,0.4236942544919419,0.5120309646023116,0.561515271683159,0.23329356398480514,-0.06589420546030149,-0.0597978582510037,0.40942830438283395,0.8165932255797453,0.5023446197173884,0.026059216034751503,-0.19935260420805664,-0.005419431782791528,0.17817325077105728,0.07152253852253881
corr,norm,"medium
annulus",022,-0.030025617023942575,0.0382295312666851,0.04500354489916472,-0.04485860167818531,-0.060409808459606196,-0.02240027685369944,0.05172193591516827,0.1414785345603773,0.19238271385080394,0.19751215733572866,0.2748058454526182,0.4245984631263051,0.54170537915997,0.596751031841927,0.4457979629078941,0.2872497153771333,0.2662796914740713,0.324768607297483,0.42260856441250444,0.4085255972554821
corr,norm,"large
annulus",001,0.5547507790925174,0.2592091614773885,1.0688593592164635,1.7663906506077238,1.3705079197376795,0.6535473089212094,0.013300311786543534,-0.3737602066928978,-0.682583102493747,-0.7242940350030731,-0.7992659218681312,-0.7704694805214893,-0.13403843131618373,0.5959030071586822,0.7409046734883113,0.6774802627458125,0.3937421092106328,-0.5266395771637039,-1.4831995735907977,-1.0430060590499568
corr,norm,"large
annulus",002,0.1433413859172533,0.15038633592882683,0.35486339980852444,0.4472215664651517,0.17336997640285487,-0.17915825115953532,-0.44624769450863955,-0.43397487373586147,-0.3434644347366345,-0.26526805601204373,-0.3134745606946804,-0.342745373423611,-0.01887934484912726,0.39849715597078594,0.479371459585226,0.43463227622380507,0.38733110467582277,0.3566416802831258,0.28977409592527403,0.28512130767646715
corr,norm,"large
annulus",005,0.04853483104807513,0.06138907020230555,0.2913025629073373,0.3905668217828894,0.2589667893167282,0.12468920839158748,0.0633063124524383,-0.07819851322427486,-0.20265252875150314,-0.16208795255363573,-0.17107205214597646,-0.2181468525110068,-0.08596895280835408,0.20963899963360708,0.3725581337842051,0.3254725919271655,0.25235515549878,0.12546019187263743,-0.03760884058774806,-0.011165820492273838
corr,norm,"large
annulus",006,0.7556779903801543,0.9351521393881365,0.9212691342283356,0.7952672450942372,0.5682891592413253,0.4751663526645093,0.3455086830970534,0.033833667788525826,-0.37142900775675136,-0.5881396595349848,-0.833302899639841,-1.0954609366206611,-1.205258331934308,-0.7793704904487153,-0.23137906344382694,0.26198311149677456,0.4117026533634911,0.4210030052875093,0.39412514301304363,0.3427012600789772
corr,norm,"large
annulus",008,-0.13908456815423195,0.1305809812247665,1.624736861159107,1.8508444380079212,1.5987602867946566,1.1616157916765117,0.512601435320095,-1.2784187471417188,-2.0942685945197543,-0.7995679023990243,-0.588613068347697,-1.4499462273478279,-0.776603781422207,0.6353294240739064,0.7067585417509142,0.5420848148065761,0.5755947216003556,0.37839042508358867,-0.45650684960277066,-0.5769488268201834
corr,norm,"large
annulus",010,0.6470692637797595,0.9549916326813224,0.791252335029341,0.5153941644332958,0.19650002068569977,0.22390871496750653,0.21478255038564142,0.03187880993828966,-0.22978093523310936,-0.30288867742129805,-0.45575497297365664,-0.6769218567454972,-0.745728255528717,-0.45716101381518126,-0.14555226124614787,0.11142727865438978,0.22335125825438407,0.24901611547637403,0.2385028204955249,0.17305216392506195
corr,norm,"large
annulus",011,-0.10443109324736857,-0.162898537656313,0.1726034712991184,0.3959866565166447,0.5563619901830569,0.7391279499837471,0.7104827788298691,0.07064945540607272,-0.4909462187967593,-0.47212949343808014,-0.3821402535065971,-0.32820668200181646,-0.08611044990750713,0.24949619920169894,0.22704310235460745,0.07179062290643584,-0.019545593834276814,0.1051646211423966,0.19369660629674892,0.11134402401130578
corr,norm,"large
annulus",013,0.011537196540626543,-0.02617773454295491,0.43129717493572484,0.7321793022742783,0.6724800509527493,0.6101032702802283,0.14757207259461907,-0.4229074184082802,-0.5614628014855831,-0.37543288970113264,-0.14032936572509808,0.15530559618372125,0.45236881509135973,0.45051785959403234,0.3286199988773777,0.21162842520064656,0.06860499549851908,-0.2022229629429863,-0.5240303156831025,-0.4623121137917617
corr,norm,"large
annulus",014,0.2187307168761739,0.15284739139042777,0.3160619366700206,0.46071717940794255,0.46715994542721595,0.47092516208749124,0.31601381684348784,-0.04759824314580982,-0.33297264942893123,-0.4297951022238006,-0.46055749928274303,-0.41380192795866294,-0.2146857955373503,0.0779406426312858,0.20257660760570473,0.2281418699205853,0.22767527193465986,0.17341062136987295,0.0715593135166972,0.07298989763871615
corr,norm,"large
annulus",015,0.7247427306158984,0.8786564304371286,0.789396086148511,0.5880169214259144,0.35866924727845007,0.16339210534438744,0.007877602908941989,-0.005303204996184807,0.059753608600771224,0.08338224466803051,-0.029096845862405102,-0.2809530638328855,-0.6546106400005479,-0.9347579282459944,-0.7372251126935532,-0.39391167774038627,-0.06969785983039797,0.22151456641362566,0.47654882212287963,0.3109451229807995
corr,norm,"large
annulus",022,0.5473554701202439,0.6829650670834335,0.8461796123630263,0.7893419326520125,0.5942917120460112,0.39656395054603644,0.17544134682260953,-0.11910020329300136,-0.335404138754313,-0.36315604751410524,-0.34778570296441647,-0.27783511019142076,-0.05552401776358026,0.2602974664854347,0.2759461844865846,0.060342050971612576,-0.18129392219168808,-0.47672794541034436,-0.5785792532635201,-0.3359792964876318
