,beta,tstat,r2,subject,model,model_ix,method,preproc,event_type
0,0.9813127731627621,2.9564074610305644,0.3268598460833031,008,linear,0,raw,uncorr,center
0,-0.398324975641286,-1.4044216734496038,0.39684054343559483,008,camel,1,raw,uncorr,center
0,-1.791440047089817,-2.029121992642778,0.6069516859828383,008,camel_deriv,2,raw,uncorr,center
1,0.6780749308595131,3.0111427577555308,0.3349830853148392,010,linear,0,raw,uncorr,center
1,0.46993782967237197,2.792047134919282,0.5440594000356105,010,camel,1,raw,uncorr,center
1,0.32064792458709285,0.5661958859817305,0.6528621432955606,010,camel_deriv,2,raw,uncorr,center
2,0.7801781214626108,5.757144226226252,0.6480574408155471,011,linear,0,raw,uncorr,center
2,0.12730941058330114,1.0755632287793042,0.6704809460879306,011,camel,1,raw,uncorr,center
2,0.15983089841562548,0.7142198153921774,0.9207873237423134,011,camel_deriv,2,raw,uncorr,center
3,2.3113370283635994,19.01516920225792,0.952578749151924,013,linear,0,raw,uncorr,center
3,-0.23808106619986402,-2.551791972045761,0.9657122520320912,013,camel,1,raw,uncorr,center
3,-0.714698559316273,-2.4211917412810435,0.9769180333598126,013,camel_deriv,2,raw,uncorr,center
4,-0.340122543189642,-1.4634156666677551,0.10632655620141429,014,linear,0,raw,uncorr,center
4,-0.1464232659332873,-0.7081440641659213,0.1319329023701068,014,camel,1,raw,uncorr,center
4,-0.39054101013454157,-0.5682759178387132,0.35509354031030627,014,camel_deriv,2,raw,uncorr,center
5,2.0434344837808225,16.681645178714422,0.939246102018136,022,linear,0,raw,uncorr,center
5,0.10309028960798883,0.9571037848253772,0.9423524492910322,022,camel,1,raw,uncorr,center
5,0.809313419982549,2.3867066728417234,0.9615758399182486,022,camel_deriv,2,raw,uncorr,center
0,-3.08047849239545,-5.699145218879997,0.6434249477764956,008,linear,0,raw,uncorr,"medium
annulus"
0,0.3993070031486501,0.8350131864397311,0.6574735109689329,008,camel,1,raw,uncorr,"medium
annulus"
0,-1.7718450946977264,-1.0807383640321917,0.7292409839919751,008,camel_deriv,2,raw,uncorr,"medium
annulus"
1,-0.01605965441384198,-0.10346493771260477,0.000594368368136422,010,linear,0,raw,uncorr,"medium
annulus"
1,0.1559877970635722,1.1562529206642826,0.07345972054302785,010,camel,1,raw,uncorr,"medium
annulus"
1,1.0462484634846732,3.1040544039113955,0.6110396398941569,010,camel_deriv,2,raw,uncorr,"medium
annulus"
2,-1.0510583806733789,-5.414617089537565,0.6195957089823079,011,linear,0,raw,uncorr,"medium
annulus"
2,0.3823606190869516,2.5718418644201346,0.7261467153400583,011,camel,1,raw,uncorr,"medium
annulus"
2,1.1107374421965661,6.103612073703699,0.9724059956836852,011,camel_deriv,2,raw,uncorr,"medium
annulus"
3,-0.2971026123931229,-1.4032181507230688,0.09860379038692246,013,linear,0,raw,uncorr,"medium
annulus"
3,-0.2892489909512092,-1.6269765299221308,0.22004914157617117,013,camel,1,raw,uncorr,"medium
annulus"
3,-0.3151635496902111,-0.6613784234332677,0.623154252610597,013,camel_deriv,2,raw,uncorr,"medium
annulus"
4,0.5787199337583231,7.249421002111509,0.7448766441835891,014,linear,0,raw,uncorr,"medium
annulus"
4,0.17324452938767396,2.9592887558741965,0.8316173704372378,014,camel,1,raw,uncorr,"medium
annulus"
4,0.5604377681918825,2.7234077014273317,0.8600773668116488,014,camel_deriv,2,raw,uncorr,"medium
annulus"
5,-0.41146376615616836,-4.267255494832036,0.5028924679277081,022,linear,0,raw,uncorr,"medium
annulus"
5,-0.09967038028093357,-1.192011644787908,0.5412367568991139,022,camel,1,raw,uncorr,"medium
annulus"
5,0.13619019907422839,0.6544859835506336,0.8089205533970063,022,camel_deriv,2,raw,uncorr,"medium
annulus"
0,0.4584095663593209,0.6982461038816846,0.026371676306959024,008,linear,0,raw,uncorr,"large
annulus"
0,1.2774888651717526,2.5287955063068437,0.29250616574728905,008,camel,1,raw,uncorr,"large
annulus"
0,1.6812094733952676,1.3583155955853126,0.7143832299951554,008,camel_deriv,2,raw,uncorr,"large
annulus"
1,0.4987163979455731,2.329469925900687,0.23163709127887622,010,linear,0,raw,uncorr,"large
annulus"
1,0.4426426342945964,2.754601736508452,0.4687547025433684,010,camel,1,raw,uncorr,"large
annulus"
1,0.7424498856135762,1.4186918453274375,0.6210604112953397,010,camel_deriv,2,raw,uncorr,"large
annulus"
2,0.8282817928503035,3.7079771453391444,0.4330546972252103,011,linear,0,raw,uncorr,"large
annulus"
2,-0.09719729041728736,-0.4853645299424661,0.44080379893978505,011,camel,1,raw,uncorr,"large
annulus"
2,-1.3421632571743258,-1.9871452304054342,0.572191877469449,011,camel_deriv,2,raw,uncorr,"large
annulus"
3,0.08642145020403053,0.38814769656972603,0.008300449993987824,013,linear,0,raw,uncorr,"large
annulus"
3,-0.45024638035616704,-2.6684754042506356,0.30106299872044595,013,camel,1,raw,uncorr,"large
annulus"
3,-2.403613272672261,-5.857240280123357,0.7219565473498584,013,camel_deriv,2,raw,uncorr,"large
annulus"
4,-0.01992645363429238,-0.5153313165781115,0.014539180473631341,014,linear,0,raw,uncorr,"large
annulus"
4,0.06297193480206098,2.0064152577860024,0.2032211917010711,014,camel,1,raw,uncorr,"large
annulus"
4,-0.02578774649075843,-0.3853978668151684,0.7564438494644307,014,camel_deriv,2,raw,uncorr,"large
annulus"
5,0.7924681653295781,6.151472448646464,0.6776539701012615,022,linear,0,raw,uncorr,"large
annulus"
5,0.200885432857561,1.902511566169862,0.7342385047521728,022,camel,1,raw,uncorr,"large
annulus"
5,0.9840332458858022,3.7069244816554683,0.8870340831763165,022,camel_deriv,2,raw,uncorr,"large
annulus"
0,2.1350822461707155,8.142872926362106,0.7864930257016557,001,linear,0,raw,corr,center
0,0.039448098441525636,0.16680563098199805,0.7868419042969438,001,camel,1,raw,corr,center
0,0.12896382836371723,0.18694726748395799,0.8780240311774987,001,camel_deriv,2,raw,corr,center
1,1.020596737802819,16.077929868756556,0.9349005022031643,002,linear,0,raw,corr,center
1,-0.031702137625241045,-0.5583114235109644,0.9360726723503376,002,camel,1,raw,corr,center
1,-0.1361613375588725,-0.8658980248678312,0.9670282354553075,002,camel_deriv,2,raw,corr,center
2,0.8129077446476408,7.032514350874337,0.7331604137516405,005,linear,0,raw,corr,center
2,-0.1815611026485705,-1.9193299417434073,0.7806850312104511,005,camel,1,raw,corr,center
2,-0.1941677546963395,-0.6808187481842525,0.8659339797379395,005,camel_deriv,2,raw,corr,center
3,0.2586885484556328,0.550942630877647,0.016583558114556807,006,linear,0,raw,corr,center
3,-1.0004974576356218,-2.8790813847343704,0.3389217824070321,006,camel,1,raw,corr,center
3,-2.445135070188263,-2.013416686748864,0.45703389436770503,006,camel_deriv,2,raw,corr,center
4,2.623003538158072,6.350532486872793,0.6914070379888677,008,linear,0,raw,corr,center
4,0.2207670622102451,0.5983252175540014,0.6977714915397223,008,camel,1,raw,corr,center
4,-0.8369409208916568,-0.7707980928690162,0.8239826761135232,008,camel_deriv,2,raw,corr,center
5,0.9126148865035943,4.174629176414018,0.4919205310183812,010,linear,0,raw,corr,center
5,-0.2497052348980821,-1.3295530403623637,0.5397760099492008,010,camel,1,raw,corr,center
5,-1.839933152932102,-3.591234660311598,0.7696716471842425,010,camel_deriv,2,raw,corr,center
6,1.2024925067032406,9.316249995031257,0.8282320051490815,011,linear,0,raw,corr,center
6,-0.09732797752909716,-0.8530297259453404,0.8352824930260122,011,camel,1,raw,corr,center
6,-0.2253733114981344,-0.5288499551234263,0.8454609251151546,011,camel_deriv,2,raw,corr,center
7,2.8814414526243195,17.284017790961613,0.9431705654870725,013,linear,0,raw,corr,center
7,0.08242933519155327,0.5526495249252811,0.9441735419813432,013,camel,1,raw,corr,center
7,0.8115677404367737,1.9245107723722266,0.9699883048434984,013,camel_deriv,2,raw,corr,center
8,-0.9596744683559543,-4.170617167402861,0.491439910312771,014,linear,0,raw,corr,center
8,-0.4532405109013879,-2.5717681604766653,0.6338813988642327,014,camel,1,raw,corr,center
8,-0.9819431059116951,-1.8885764591936502,0.7856926447370436,014,camel_deriv,2,raw,corr,center
9,0.9867476667243451,5.189174132839978,0.5993547669146398,015,linear,0,raw,corr,center
9,-0.17584594989834823,-1.0576166248887007,0.6240886901645022,015,camel,1,raw,corr,center
9,-0.17389955185439127,-0.3050884281917987,0.7028825009712382,015,camel_deriv,2,raw,corr,center
10,2.031293838992307,16.428741128950815,0.9374790587588017,022,linear,0,raw,corr,center
10,0.10873877984005664,1.0026717775768956,0.9409699916880173,022,camel,1,raw,corr,center
10,0.8281096603277363,2.43950691683721,0.961104559398845,022,camel_deriv,2,raw,corr,center
0,0.3444346681970398,1.1381944300528837,0.06713935699597562,001,linear,0,raw,corr,"medium
annulus"
0,-0.47798501616567346,-1.9324661281317719,0.23515454738714514,001,camel,1,raw,corr,"medium
annulus"
0,-1.2648783744625054,-2.1935786501473484,0.7204460683564171,001,camel_deriv,2,raw,corr,"medium
annulus"
1,-0.28252121693999077,-1.6378665743590137,0.1297035197920221,002,linear,0,raw,corr,"medium
annulus"
1,-0.26750644705276433,-1.8899011129654002,0.2808070646272791,002,camel,1,raw,corr,"medium
annulus"
1,0.1611531990006238,0.37776685021326184,0.5606700352772445,002,camel_deriv,2,raw,corr,"medium
annulus"
2,0.016692841550256857,0.09437693705803077,0.0004945889412039106,005,linear,0,raw,corr,"medium
annulus"
2,-0.13338312533945215,-0.85311174742287,0.04152842879416452,005,camel,1,raw,corr,"medium
annulus"
2,0.33348919765359386,0.6868284884321149,0.3783272540799002,005,camel_deriv,2,raw,corr,"medium
annulus"
3,0.06897201272952265,0.15593487613708157,0.0013490490302120461,006,linear,0,raw,corr,"medium
annulus"
3,0.05941933759294396,0.14891818012509653,0.002650099272309747,006,camel,1,raw,corr,"medium
annulus"
3,0.49705221492663465,0.567961897651317,0.6773300016283925,006,camel_deriv,2,raw,corr,"medium
annulus"
4,-1.3846049873084287,-3.373376908455428,0.38733148065581113,008,linear,0,raw,corr,"medium
annulus"
4,0.683656584893818,2.0633576669507954,0.5100368413710373,008,camel,1,raw,corr,"medium
annulus"
4,1.5890318094545077,1.6689257255100116,0.7278970781746504,008,camel_deriv,2,raw,corr,"medium
annulus"
5,0.33074958516503433,2.1384682862599846,0.2025888082401076,010,linear,0,raw,corr,"medium
annulus"
5,0.26310918163700325,2.118817413736978,0.36917744032945055,010,camel,1,raw,corr,"medium
annulus"
5,-0.4505458038411547,-1.3271560895922716,0.6829251818784292,010,camel_deriv,2,raw,corr,"medium
annulus"
6,-0.9622640982444848,-5.49044221169118,0.626129056600062,011,linear,0,raw,corr,"medium
annulus"
6,-0.05997590724517471,-0.3807149315155085,0.6292897725393647,011,camel,1,raw,corr,"medium
annulus"
6,0.3383500959409823,0.6966829582348926,0.763054451011357,011,camel_deriv,2,raw,corr,"medium
annulus"
7,-0.2633251558903698,-1.2115892787257008,0.07540335204125048,013,linear,0,raw,corr,"medium
annulus"
7,0.16259886597112677,0.846064117613112,0.11276254609633862,013,camel,1,raw,corr,"medium
annulus"
7,-0.36103402979184285,-0.8310494492941841,0.6950985237911149,013,camel_deriv,2,raw,corr,"medium
annulus"
8,0.8573896112159444,5.121195905032132,0.5930055516659085,014,linear,0,raw,corr,"medium
annulus"
8,0.228719938530924,1.6270052027599675,0.6478416943408347,014,camel,1,raw,corr,"medium
annulus"
8,0.714408756124946,1.381680792815834,0.6796007795955441,014,camel_deriv,2,raw,corr,"medium
annulus"
9,0.25702770442748035,1.6282105573853483,0.1283744458794882,015,linear,0,raw,corr,"medium
annulus"
9,0.11165461031612706,0.7981074274952931,0.1598539982797933,015,camel,1,raw,corr,"medium
annulus"
9,0.5535343961988173,1.681840752692417,0.6872846369156521,015,camel_deriv,2,raw,corr,"medium
annulus"
10,-0.40938113928293113,-4.2070469960252455,0.4957876479171436,022,linear,0,raw,corr,"medium
annulus"
10,-0.1008537326074703,-1.195462451136469,0.534887986256553,022,camel,1,raw,corr,"medium
annulus"
10,0.11888955443037201,0.5362149498881543,0.783946834843557,022,camel_deriv,2,raw,corr,"medium
annulus"
0,1.1888513191123857,2.619330451213823,0.27597127283941825,001,linear,0,raw,corr,"large
annulus"
0,1.0955271526288635,3.512838874845756,0.5804883143723687,001,camel,1,raw,corr,"large
annulus"
0,3.4582183404006246,3.9857911918343496,0.7816287045975462,001,camel_deriv,2,raw,corr,"large
annulus"
1,-0.5927049428304575,-3.949595717533653,0.46427465429909376,002,linear,0,raw,corr,"large
annulus"
1,-0.03843650838932372,-0.2844168464198322,0.46681178158781744,002,camel,1,raw,corr,"large
annulus"
1,0.6891646929673902,2.571116810813713,0.858937580260821,002,camel_deriv,2,raw,corr,"large
annulus"
2,-0.24607531425634366,-4.5781262053434775,0.5379786616227311,005,linear,0,raw,corr,"large
annulus"
2,0.0854690431638964,1.9483181590294152,0.6223127507433224,005,camel,1,raw,corr,"large
annulus"
2,0.2139881049937134,2.275317289990312,0.8832558000183163,005,camel_deriv,2,raw,corr,"large
annulus"
3,0.5044993508839576,1.314336506981774,0.08756721151742997,006,linear,0,raw,corr,"large
annulus"
3,-0.047865277305120996,-0.13822191615102267,0.08859148982812293,006,camel,1,raw,corr,"large
annulus"
3,-1.5921210819141571,-1.4668177743043718,0.39781326660403893,006,camel_deriv,2,raw,corr,"large
annulus"
4,0.6191981037111438,0.9349495252676886,0.04631368896604482,008,linear,0,raw,corr,"large
annulus"
4,1.408702577766822,2.871530813198752,0.3578045284492837,008,camel,1,raw,corr,"large
annulus"
4,4.25385597486735,2.5300848068790343,0.4927096817404317,008,camel_deriv,2,raw,corr,"large
annulus"
5,0.38612959534265096,1.6176081121717594,0.12691951614193064,010,linear,0,raw,corr,"large
annulus"
5,-0.27398136732587874,-1.3366841440288217,0.2099544428366069,010,camel,1,raw,corr,"large
annulus"
5,-1.6135365644702895,-2.4101442269282742,0.4331804579706652,010,camel_deriv,2,raw,corr,"large
annulus"
6,-0.15444769507114856,-0.7990757005095974,0.03425818721014495,011,linear,0,raw,corr,"large
annulus"
6,0.40158957276498214,2.7742751841755227,0.3352279683152166,011,camel,1,raw,corr,"large
annulus"
6,0.7470219540713623,2.3773403381281772,0.7893329780866887,011,camel_deriv,2,raw,corr,"large
annulus"
7,0.19830947678934233,0.8484196337191754,0.03845208092276642,013,linear,0,raw,corr,"large
annulus"
7,0.4402341239465115,2.4191124641261283,0.28469108020013467,013,camel,1,raw,corr,"large
annulus"
7,1.898015642786188,3.0844954847301747,0.4499841108177629,013,camel_deriv,2,raw,corr,"large
annulus"
8,-0.047067413401570564,-0.45044754681218857,0.011146738106197263,014,linear,0,raw,corr,"large
annulus"
8,0.2173635208297998,2.77912286973532,0.32006029952964143,014,camel,1,raw,corr,"large
annulus"
8,0.2170486537459465,0.8025536070082356,0.45325571465843895,014,camel_deriv,2,raw,corr,"large
annulus"
9,0.5527926655445811,1.7485917730442408,0.14520064403196986,015,linear,0,raw,corr,"large
annulus"
9,-0.79503849382102,-3.7792984973150756,0.5354811261100774,015,camel,1,raw,corr,"large
annulus"
9,-2.2344538036056867,-3.6789052376540052,0.7395882448428992,015,camel_deriv,2,raw,corr,"large
annulus"
10,0.8016572296102074,6.198300005049881,0.680958106642302,022,linear,0,raw,corr,"large
annulus"
10,0.20696136775590526,1.9634601996266892,0.7399344796395351,022,camel,1,raw,corr,"large
annulus"
10,0.9941151287253099,3.7373320261928384,0.8886208249158063,022,camel_deriv,2,raw,corr,"large
annulus"
0,2.3410045693519805,5.082886318389978,0.589376094925351,008,linear,0,zscore,uncorr,center
0,-0.4960344236631584,-1.2464551140047964,0.6237610252363768,008,camel,1,zscore,uncorr,center
0,-2.6957469030277292,-2.516997690785257,0.8167298993762049,008,camel_deriv,2,zscore,uncorr,center
1,2.254187224441463,5.845355762382914,0.6549621124657808,010,linear,0,zscore,uncorr,center
1,0.7964891381019854,2.7504247487677715,0.7612178637474641,010,camel,1,zscore,uncorr,center
1,0.4571139820851986,0.4493532916348147,0.801837991777373,010,camel_deriv,2,zscore,uncorr,center
2,2.8376951380145377,7.955119856307707,0.7785540195583163,011,linear,0,zscore,uncorr,center
2,0.2425641360716324,0.7662074718458209,0.7859461050159161,011,camel,1,zscore,uncorr,center
2,-0.055611870313955425,-0.09343111771303496,0.9491114329945625,011,camel_deriv,2,zscore,uncorr,center
3,3.3011959534683206,17.979317827951583,0.9472536544989317,013,linear,0,zscore,uncorr,center
3,-0.31357727784687195,-2.129381842102538,0.9583599538219351,013,camel,1,zscore,uncorr,center
3,-1.3373919128321885,-2.64675928156991,0.9670296767027046,013,camel_deriv,2,zscore,uncorr,center
4,0.6019600810573763,1.2967600817902905,0.08543959054347372,014,linear,0,zscore,uncorr,center
4,-0.4362013519569692,-1.0758412666410497,0.14373767836880524,014,camel,1,zscore,uncorr,center
4,-1.2721094516042566,-1.0000443008916433,0.4331798466630822,014,camel_deriv,2,zscore,uncorr,center
5,3.3086996408409672,16.994153566636395,0.9413300966653199,022,linear,0,zscore,uncorr,center
5,-0.023942804083590508,-0.13630785138433563,0.941394148828392,022,camel,1,zscore,uncorr,center
5,0.17849576223405428,0.3113279042333245,0.9580088269087277,022,camel_deriv,2,zscore,uncorr,center
0,-2.640988571083275,-6.30987255693962,0.6886593745711986,008,linear,0,zscore,uncorr,"medium
annulus"
0,0.3857117224279649,1.053711782688152,0.7077470753102094,008,camel,1,zscore,uncorr,"medium
annulus"
0,-0.8049587897141296,-0.6176059852319072,0.7508236897998701,008,camel_deriv,2,zscore,uncorr,"medium
annulus"
1,-0.6856920993504912,-1.4056962460020297,0.09891788760885689,010,linear,0,zscore,uncorr,"medium
annulus"
1,0.5134827292541746,1.2157924668639832,0.17099954192869715,010,camel,1,zscore,uncorr,"medium
annulus"
1,3.139511067925798,3.104133069854031,0.6802791590082606,010,camel_deriv,2,zscore,uncorr,"medium
annulus"
2,-2.470847881335166,-7.147169058318791,0.7394401820565646,011,linear,0,zscore,uncorr,"medium
annulus"
2,0.63163336851936,2.3232419291247,0.8022312227677656,011,camel,1,zscore,uncorr,"medium
annulus"
2,1.8118129458725292,2.7781580587593315,0.9234694430708681,011,camel_deriv,2,zscore,uncorr,"medium
annulus"
3,-1.205145885983551,-3.2689228161734705,0.37251306836555564,013,linear,0,zscore,uncorr,"medium
annulus"
3,-0.24590673720412065,-0.7510880298928965,0.3926669936443866,013,camel,1,zscore,uncorr,"medium
annulus"
3,-0.2610884233157012,-0.25127726487790514,0.5886209837085349,013,camel_deriv,2,zscore,uncorr,"medium
annulus"
4,1.2193087081313814,4.378803575849101,0.5157895741422907,014,linear,0,zscore,uncorr,"medium
annulus"
4,0.425404918620122,1.855995298394218,0.5973739026834084,014,camel,1,zscore,uncorr,"medium
annulus"
4,1.3950104659922018,2.2964902248090904,0.8098125014749178,014,camel_deriv,2,zscore,uncorr,"medium
annulus"
5,-2.011638005514555,-8.791663002545022,0.811109566401923,022,linear,0,zscore,uncorr,"medium
annulus"
5,0.10486043753587804,0.5115839184677521,0.813973478681761,022,camel,1,zscore,uncorr,"medium
annulus"
5,0.8239974989601802,1.4706457837880595,0.9065183195983748,022,camel_deriv,2,zscore,uncorr,"medium
annulus"
0,1.0070575137153828,1.5392411503104713,0.11631561150379488,008,linear,0,zscore,uncorr,"large
annulus"
0,1.3990714546553127,2.8944060011758466,0.4080353211904988,008,camel,1,zscore,uncorr,"large
annulus"
0,3.1091761851072843,2.920657448183919,0.8069054986036089,008,camel_deriv,2,zscore,uncorr,"large
annulus"
1,1.3221873349668998,2.7622731255662636,0.2977021976320172,010,linear,0,zscore,uncorr,"large
annulus"
1,1.1874311247856142,3.686523914100635,0.6097128582353928,010,camel,1,zscore,uncorr,"large
annulus"
1,2.362626394115252,2.859088639073337,0.8272404967402656,010,camel_deriv,2,zscore,uncorr,"large
annulus"
2,1.2305797653511206,4.3911520343338415,0.5171960832766311,011,linear,0,zscore,uncorr,"large
annulus"
2,0.2572411679396451,1.0493081348562354,0.5465640009927213,011,camel,1,zscore,uncorr,"large
annulus"
2,-0.9667277724831415,-1.2761654945577416,0.7088336974126731,011,camel_deriv,2,zscore,uncorr,"large
annulus"
3,0.33719303165399933,0.9900633489992288,0.05164456230442749,013,linear,0,zscore,uncorr,"large
annulus"
3,-0.4737709139806106,-1.6614747341203284,0.18412773795012916,013,camel,1,zscore,uncorr,"large
annulus"
3,-3.774543121472107,-6.8164565871337,0.7930859965094563,013,camel_deriv,2,zscore,uncorr,"large
annulus"
4,0.47112619425324065,0.9657887784114035,0.04926638046701315,014,linear,0,zscore,uncorr,"large
annulus"
4,1.0449642474214231,2.9019241588311853,0.3642119753364309,014,camel,1,zscore,uncorr,"large
annulus"
4,0.6386273759341423,1.035883409817346,0.8746684271994668,014,camel_deriv,2,zscore,uncorr,"large
annulus"
5,1.6023917567734873,6.5700143686802575,0.7057144794233151,022,linear,0,zscore,uncorr,"large
annulus"
5,0.6563460600071502,4.315706684722606,0.8595702926568668,022,camel,1,zscore,uncorr,"large
annulus"
5,1.9614941820617553,3.876194583118253,0.8954400034222196,022,camel_deriv,2,zscore,uncorr,"large
annulus"
0,3.744531380797132,10.117539704186553,0.8504543814832329,001,linear,0,zscore,corr,center
0,-0.16196771827557677,-0.4881975509265246,0.852521995764792,001,camel,1,zscore,corr,center
0,0.1300288282559251,0.13626287756075023,0.9179476000406221,001,camel_deriv,2,zscore,corr,center
1,3.8088115033373153,16.5040766975215,0.938013230571554,002,linear,0,zscore,corr,center
1,-0.2902306434505353,-1.480259017484549,0.9450906193706046,002,camel,1,zscore,corr,center
1,-0.7882836231350447,-1.0993976429865981,0.9506148431628189,002,camel_deriv,2,zscore,corr,center
2,3.5512768678556275,8.819372469746797,0.8120719365960916,005,linear,0,zscore,corr,center
2,-0.7074951772241378,-2.2079753125016044,0.8539540825791947,005,camel,1,zscore,corr,center
2,-1.1852244662019906,-1.0939837452072962,0.8877164995037036,005,camel_deriv,2,zscore,corr,center
3,1.4804528856516244,2.9204885707180153,0.3215037126606213,006,linear,0,zscore,corr,center
3,-1.1654099670015738,-3.2386012324718023,0.5803910375771668,006,camel,1,zscore,corr,center
3,-3.0969899462115325,-2.5419041113850906,0.6765038598977965,006,camel_deriv,2,zscore,corr,center
4,3.3777966321949866,8.338512400916818,0.7943580745329348,008,linear,0,zscore,corr,center
4,0.03550612981497614,0.09712820327387915,0.7944721290558112,008,camel,1,zscore,corr,center
4,-1.1085454305679736,-0.8974978393859748,0.8422023558809996,008,camel_deriv,2,zscore,corr,center
5,3.0873907360013266,7.313367517331982,0.748200136124266,010,linear,0,zscore,corr,center
5,-0.6066057846989032,-1.725632304509269,0.785732352006944,010,camel,1,zscore,corr,center
5,-3.546881884864452,-3.6868270567616275,0.8920721468399446,010,camel_deriv,2,zscore,corr,center
6,3.7046210989902097,12.64586377343127,0.8988297244020087,011,linear,0,zscore,corr,center
6,-0.4049810725546028,-1.6494644673825065,0.912787487025814,011,camel,1,zscore,corr,center
6,-0.6487436520960167,-0.7512772451079263,0.9274484599518317,011,camel_deriv,2,zscore,corr,center
7,3.9039061996392728,15.816359798646305,0.9328752034345085,013,linear,0,zscore,corr,center
7,-0.11730551842909942,-0.5308379474853467,0.9339697095904126,013,camel,1,zscore,corr,center
7,0.5784000059484858,0.9118755047352682,0.9634134627275501,013,camel_deriv,2,zscore,corr,center
8,-0.4217382755142283,-0.9229392568700091,0.04518486879334893,014,linear,0,zscore,corr,center
8,-1.04389566272154,-3.2057088336175985,0.4049157298496091,014,camel,1,zscore,corr,center
8,-2.5656808235762707,-2.553981005121041,0.6191201926645796,014,camel_deriv,2,zscore,corr,center
9,3.495181021366754,7.118604270421726,0.7378940802431369,015,linear,0,zscore,corr,center
9,-0.6709302168631508,-1.6274613319586155,0.7732258916728321,015,camel,1,zscore,corr,center
9,-1.040158064132286,-0.7370068290411964,0.8212601601386025,015,camel_deriv,2,zscore,corr,center
10,3.8941920797913108,15.73383335841085,0.9322170516433759,022,linear,0,zscore,corr,center
10,-0.10111637430931353,-0.4553417738595347,0.9330337878397567,022,camel,1,zscore,corr,center
10,0.721743418915009,0.9808263009508847,0.9505490326195646,022,camel_deriv,2,zscore,corr,center
0,0.3273436553321521,0.9506299148386435,0.047805316798747666,001,linear,0,zscore,corr,"medium
annulus"
0,-0.4999908882975952,-1.7469890274668995,0.19273223130008799,001,camel,1,zscore,corr,"medium
annulus"
0,-0.9398854220517925,-1.674141102981779,0.7910968049056176,001,camel_deriv,2,zscore,corr,"medium
annulus"
1,-0.7361358636208484,-2.1453366447575712,0.20362683626791145,002,linear,0,zscore,corr,"medium
annulus"
1,-0.4716413849327587,-1.6385399610771734,0.3122442340137469,002,camel,1,zscore,corr,"medium
annulus"
1,0.7980292156311247,0.9394337192212489,0.5971574071479981,002,camel_deriv,2,zscore,corr,"medium
annulus"
2,-0.2745851372573343,-0.8103808509374877,0.03520003649177006,005,linear,0,zscore,corr,"medium
annulus"
2,-0.2009284077521712,-0.6654318593077403,0.05969226305658226,005,camel,1,zscore,corr,"medium
annulus"
2,0.8338910045413627,0.8295151770645978,0.2990775097958396,005,camel_deriv,2,zscore,corr,"medium
annulus"
3,-0.09016840114937043,-0.21960309277948717,0.0026720365561293535,006,linear,0,zscore,corr,"medium
annulus"
3,0.03351021037775567,0.09043408441245773,0.003151598252192689,006,camel,1,zscore,corr,"medium
annulus"
3,0.30122728291879497,0.34769102497222126,0.6335233284022828,006,camel_deriv,2,zscore,corr,"medium
annulus"
4,-1.008164937882079,-2.712705848307872,0.29018647762655614,008,linear,0,zscore,corr,"medium
annulus"
4,0.5257534062524006,1.6943500276623267,0.392736250644941,008,camel,1,zscore,corr,"medium
annulus"
4,1.6448320938690386,1.794123740307829,0.6434968452099056,008,camel_deriv,2,zscore,corr,"medium
annulus"
5,0.5854857342565414,1.5680386493795544,0.12018064554776364,010,linear,0,zscore,corr,"medium
annulus"
5,0.6486293194509911,2.1759982110351452,0.31184951005544737,010,camel,1,zscore,corr,"medium
annulus"
5,-0.7081203586305289,-0.8045394823139445,0.5965103830093925,010,camel_deriv,2,zscore,corr,"medium
annulus"
6,-1.2604896451210326,-5.4915612204048685,0.6262244624768172,011,linear,0,zscore,corr,"medium
annulus"
6,-0.12467640272942454,-0.6082503015902011,0.6341856253955642,011,camel,1,zscore,corr,"medium
annulus"
6,0.43407971264747247,0.6828719480621025,0.7633955408587808,011,camel_deriv,2,zscore,corr,"medium
annulus"
7,-0.49024978135781494,-1.2129275239904718,0.07555742295657764,013,linear,0,zscore,corr,"medium
annulus"
7,0.24622476586790176,0.6840888249318634,0.10032379012465564,013,camel,1,zscore,corr,"medium
annulus"
7,-0.48542196038993723,-0.5162537913231562,0.5870802272668199,013,camel_deriv,2,zscore,corr,"medium
annulus"
8,0.8864384296708854,3.4171930798691275,0.3934739524897577,014,linear,0,zscore,corr,"medium
annulus"
8,0.4453078378877512,2.1433263813487153,0.5225055386764103,014,camel,1,zscore,corr,"medium
annulus"
8,1.1724711322068555,1.478217225047309,0.5319872712872726,014,camel_deriv,2,zscore,corr,"medium
annulus"
9,0.4425777769163131,1.116068671537906,0.06472173790358848,015,linear,0,zscore,corr,"medium
annulus"
9,0.3437701728823203,0.9875258408466536,0.11546330440807384,015,camel,1,zscore,corr,"medium
annulus"
9,1.7857504071857657,2.3964915797786053,0.7274339918673516,015,camel_deriv,2,zscore,corr,"medium
annulus"
10,-1.1245963041277605,-4.425450799738455,0.5210806308664198,022,linear,0,zscore,corr,"medium
annulus"
10,-0.2468324762842391,-1.1146725045858696,0.5536997889878988,022,camel,1,zscore,corr,"medium
annulus"
10,0.759972416045243,1.571069422536997,0.8567721207126333,022,camel_deriv,2,zscore,corr,"medium
annulus"
0,1.1726593454884837,2.7823446266257035,0.30073846427090956,001,linear,0,zscore,corr,"large
annulus"
0,0.9304692307292765,3.037890449907372,0.5467785066992097,001,camel,1,zscore,corr,"large
annulus"
0,3.1713135083897726,3.6295888154268128,0.751961116912272,001,camel_deriv,2,zscore,corr,"large
annulus"
1,-0.6462884526877332,-2.1860990990175924,0.20979951401472996,002,linear,0,zscore,corr,"large
annulus"
1,0.21447481169455723,0.819402887405851,0.23982297790892704,002,camel,1,zscore,corr,"large
annulus"
1,1.6592175947730603,2.2631074542691656,0.5988940981809284,002,camel_deriv,2,zscore,corr,"large
annulus"
2,-0.7569228289122579,-2.7010238019369517,0.28841181426750273,005,linear,0,zscore,corr,"large
annulus"
2,0.6631770191291008,3.3966946729592666,0.576102165654232,005,camel,1,zscore,corr,"large
annulus"
2,1.7167774400403595,4.034519803891432,0.8645855034448521,005,camel_deriv,2,zscore,corr,"large
annulus"
3,0.7603710600861286,1.8833314196466806,0.16461445064520186,006,linear,0,zscore,corr,"large
annulus"
3,0.10240165948649904,0.28163422846716774,0.16849405384923488,006,camel,1,zscore,corr,"large
annulus"
3,-0.835172653993484,-0.7571526347688676,0.4853482156140584,006,camel_deriv,2,zscore,corr,"large
annulus"
4,0.6988137174014813,1.465041717638454,0.10653778620244791,008,linear,0,zscore,corr,"large
annulus"
4,0.9171680688287379,2.4878503624793007,0.3450085810557596,008,camel,1,zscore,corr,"large
annulus"
4,3.096996340317607,2.5554910173710996,0.5239807446089406,008,camel_deriv,2,zscore,corr,"large
annulus"
5,0.8228842501726378,2.14530793461116,0.2036224959549755,010,linear,0,zscore,corr,"large
annulus"
5,-0.2048289497922573,-0.597758148948255,0.22001659120966477,010,camel,1,zscore,corr,"large
annulus"
5,-1.7534661878022868,-1.585419227691032,0.45353061726872146,010,camel_deriv,2,zscore,corr,"large
annulus"
6,-0.08226515897846087,-0.2375139306503319,0.0031242566099761726,011,linear,0,zscore,corr,"large
annulus"
6,0.8590419132359977,3.685080169388548,0.4458145948920479,011,camel,1,zscore,corr,"large
annulus"
6,2.2235470602383396,3.339745128316882,0.6959872176160605,011,camel_deriv,2,zscore,corr,"large
annulus"
7,0.6294014870624629,1.582212243123341,0.1220966338108308,013,linear,0,zscore,corr,"large
annulus"
7,0.887654991479377,3.088682997602556,0.43766472407703383,013,camel,1,zscore,corr,"large
annulus"
7,3.591079501398267,3.8763610099667165,0.6070287336391893,013,camel_deriv,2,zscore,corr,"large
annulus"
8,0.10570203755980367,0.290843894614426,0.004677472380323788,014,linear,0,zscore,corr,"large
annulus"
8,0.8218275355328309,3.153983661131129,0.3720971497346439,014,camel,1,zscore,corr,"large
annulus"
8,1.4816290679773985,1.6430569502788337,0.49425768978175555,014,camel_deriv,2,zscore,corr,"large
annulus"
9,0.8611732508981014,2.396279106205228,0.24185478969182128,015,linear,0,zscore,corr,"large
annulus"
9,-0.5693516018207168,-1.9395582517948489,0.3792245827970945,015,camel,1,zscore,corr,"large
annulus"
9,-1.9259923553534617,-2.4061269513066055,0.6895749924652146,015,camel_deriv,2,zscore,corr,"large
annulus"
10,1.5257072170360753,5.165323038681435,0.5971402516790614,022,linear,0,zscore,corr,"large
annulus"
10,0.5343629623882891,2.293291642881166,0.6923240791747656,022,camel,1,zscore,corr,"large
annulus"
10,2.2407234888470047,3.2667101557560962,0.8206917374731124,022,camel_deriv,2,zscore,corr,"large
annulus"
0,2.057015238902706,5.4508978623592155,0.6227386918352086,008,linear,0,norm,uncorr,center
0,-0.412073605293082,-1.2653694759060445,0.6552127786847144,008,camel,1,norm,uncorr,center
0,-2.059254609349046,-2.1377048862330863,0.7971072848269348,008,camel_deriv,2,norm,uncorr,center
1,1.7537773965994576,7.511080488439219,0.7581176070509035,010,linear,0,norm,uncorr,center
1,0.45618920002057584,2.542967540774336,0.8247728270724688,010,camel,1,norm,uncorr,center
1,0.05283336232786345,0.08579849171333302,0.8611468077856912,010,camel_deriv,2,norm,uncorr,center
2,1.8558805872025546,10.736295715034071,0.864933863867621,011,linear,0,norm,uncorr,center
2,0.1135607809315049,0.7393881324544193,0.8691420612793908,011,camel,1,norm,uncorr,center
2,-0.10798366384360303,-0.3917945264773058,0.9716604297497184,011,camel_deriv,2,norm,uncorr,center
3,3.387039494103545,24.277052465185776,0.9703642859703375,013,linear,0,norm,uncorr,center
3,-0.25182969585166104,-2.286530544635155,0.9773347980753608,013,camel,1,norm,uncorr,center
3,-0.9825131215755005,-2.5716489122583592,0.9816574937945468,013,camel_deriv,2,norm,uncorr,center
4,0.7355799225503025,2.9521602868925627,0.3262275382871187,014,linear,0,norm,uncorr,center
4,-0.16017189558508377,-0.7230016562686802,0.34632725966405287,014,camel,1,norm,uncorr,center
4,-0.6583555723937706,-1.0037456049494307,0.6146586343435294,014,camel_deriv,2,norm,uncorr,center
5,3.119136949520767,23.52813353806689,0.9685079633479732,022,linear,0,norm,uncorr,center
5,0.08934165995619181,0.7591234303397307,0.9695404842806236,022,camel,1,norm,uncorr,center
5,0.5414988577233191,1.3552357052903767,0.9763891970328953,022,camel_deriv,2,norm,uncorr,center
0,-3.7933856544410562,-6.199448439641219,0.6810386004408348,008,linear,0,norm,uncorr,"medium
annulus"
0,0.5196370993911004,0.9662803204750606,0.6976449644690885,008,camel,1,norm,uncorr,"medium
annulus"
0,-1.6440775566044916,-0.8754060202892614,0.751998501463821,008,camel_deriv,2,norm,uncorr,"medium
annulus"
1,-0.7289668164594485,-3.670015011461264,0.4280087014318904,010,linear,0,norm,uncorr,"medium
annulus"
1,0.27631789330602297,1.6615472350076697,0.507920631395752,010,camel,1,norm,uncorr,"medium
annulus"
1,1.174016001577909,2.924546614985396,0.807168026913326,010,camel_deriv,2,norm,uncorr,"medium
annulus"
2,-1.7639655427189849,-6.814187590508329,0.7206407059658708,011,linear,0,norm,uncorr,"medium
annulus"
2,0.5026907153294023,2.521702346570531,0.7966902902171941,011,camel,1,norm,uncorr,"medium
annulus"
2,1.238504980289802,3.2367417764307516,0.9496233792500064,011,camel_deriv,2,norm,uncorr,"medium
annulus"
3,-1.0100097744387295,-4.000458587870475,0.4706453575373668,013,linear,0,norm,uncorr,"medium
annulus"
3,-0.16891889470875837,-0.753463079614277,0.48775163881990824,013,camel,1,norm,uncorr,"medium
annulus"
3,-0.18739601159697533,-0.29930778209627135,0.7313181539869804,013,camel_deriv,2,norm,uncorr,"medium
annulus"
4,-0.13418722828728324,-0.9560266772933171,0.04832333908892794,014,linear,0,norm,uncorr,"medium
annulus"
4,0.2935746256301249,2.8012922036382926,0.34888122257814713,014,camel,1,norm,uncorr,"medium
annulus"
4,0.6882053062851186,2.003394404798423,0.5295118166394939,014,camel_deriv,2,norm,uncorr,"medium
annulus"
5,-1.1243709282017749,-9.156137214845865,0.8232432194843022,022,linear,0,norm,uncorr,"medium
annulus"
5,0.02065971596151711,0.18656821505436913,0.8236043915560936,022,camel,1,norm,uncorr,"medium
annulus"
5,0.263957737167464,1.1293419100470363,0.9471508656738323,022,camel_deriv,2,norm,uncorr,"medium
annulus"
0,0.8991380528684066,1.1505135934501565,0.06850048355157834,008,linear,0,norm,uncorr,"large
annulus"
0,1.5169130645638393,2.520117144362159,0.32184924519633773,008,camel,1,norm,uncorr,"large
annulus"
0,1.6205641948214837,1.083285477622317,0.7182924114994603,008,camel_deriv,2,norm,uncorr,"large
annulus"
1,0.9394448844546585,2.9809168539015527,0.3305032288925771,010,linear,0,norm,uncorr,"large
annulus"
1,0.6820668336866826,2.947056706821404,0.5568860564458333,010,camel,1,norm,uncorr,"large
annulus"
1,0.6818046070397928,0.9597645022087038,0.7192403966548468,010,camel_deriv,2,norm,uncorr,"large
annulus"
2,1.2690102793593891,4.207256919765286,0.495812594594941,011,linear,0,norm,uncorr,"large
annulus"
2,0.14222690897479873,0.526618300798169,0.5039055535689763,011,camel,1,norm,uncorr,"large
annulus"
2,-1.4028085357481108,-1.6409808607250904,0.6657371813830231,011,camel_deriv,2,norm,uncorr,"large
annulus"
3,0.527149936713116,1.8649564412533413,0.16193558070123837,013,linear,0,norm,uncorr,"large
annulus"
3,-0.2108221809640808,-0.8433691573943337,0.19559162652965978,013,camel,1,norm,uncorr,"large
annulus"
3,-2.464258551246045,-4.048369801447532,0.6792274582742919,013,camel_deriv,2,norm,uncorr,"large
annulus"
4,0.4208020328747932,2.475796653425736,0.25402729122750645,014,linear,0,norm,uncorr,"large
annulus"
4,0.302396134194147,2.243962106897702,0.42449169733425496,014,camel,1,norm,uncorr,"large
annulus"
4,-0.08643302506454131,-0.24754990404448032,0.7401817526291457,014,camel_deriv,2,norm,uncorr,"large
annulus"
5,1.2331966518386637,7.364776003489954,0.7508303081005754,022,linear,0,norm,uncorr,"large
annulus"
5,0.4403096322496473,4.116326774769409,0.8752101541240925,022,camel,1,norm,uncorr,"large
annulus"
5,0.9233879673120188,2.252718297514922,0.8767625230373494,022,camel_deriv,2,norm,uncorr,"large
annulus"
0,3.3991908551186,10.968223458803479,0.8698499685352786,001,linear,0,norm,corr,center
0,-0.11859709205419922,-0.4261957671044691,0.8712259033348861,001,camel,1,norm,corr,center
0,-0.33148280585475975,-0.3965630423002399,0.921854887913389,001,camel_deriv,2,norm,corr,center
1,2.284705346750704,20.27839890834375,0.9580628251869475,002,linear,0,norm,corr,center
1,-0.18974732812096584,-2.092165942980232,0.9666498249805983,002,camel,1,norm,corr,center
1,-0.5966079717773489,-1.787153101822214,0.9696122036685629,002,camel_deriv,2,norm,corr,center
2,2.077016353595526,11.935149175685881,0.887813970725089,005,linear,0,norm,corr,center
2,-0.33960629314429536,-2.5388563014165255,0.9186565097460268,005,camel,1,norm,corr,center
2,-0.6546143889148159,-1.327569283598504,0.9256621707890593,005,camel_deriv,2,norm,corr,center
3,1.522797157403518,2.968993778467872,0.3287320164689247,006,linear,0,norm,corr,center
3,-1.1585426481313468,-3.1484890207232015,0.5759832467529218,006,camel,1,norm,corr,center
3,-2.905581704406739,-2.279654323646982,0.6578653132334545,006,camel_deriv,2,norm,corr,center
4,3.887112147105957,8.993082348553635,0.817952935607807,008,linear,0,norm,corr,center
4,0.06272187171452037,0.1608782467288993,0.8182296735549759,008,camel,1,norm,corr,center
4,-1.297387555110131,-1.0803373888248056,0.8840139269172118,008,camel_deriv,2,norm,corr,center
5,2.1767234954514794,7.858915741552877,0.7743302025427831,010,linear,0,norm,corr,center
5,-0.40775042539380646,-1.7756866543109124,0.8096375454777316,010,camel,1,norm,corr,center
5,-2.3003797871505767,-3.495321618595745,0.8948388087343248,010,camel_deriv,2,norm,corr,center
6,2.4666011156511254,13.511334296303218,0.9102495754972691,011,linear,0,norm,corr,center
6,-0.25537316802482235,-1.6722890715815326,0.922928128406433,011,camel,1,norm,corr,center
6,-0.6858199457166086,-1.2039323266950979,0.9278743503690832,011,camel_deriv,2,norm,corr,center
7,4.145550061572204,21.73460840409519,0.9632947603902454,013,linear,0,norm,corr,center
7,-0.07561585530417192,-0.4416994572368745,0.9637112240669731,013,camel,1,norm,corr,center
7,0.35112110621829684,0.7113235802546187,0.9797098452568308,013,camel_deriv,2,norm,corr,center
8,0.30443414059193025,1.0321566763556875,0.05587873023974488,014,linear,0,norm,corr,center
8,-0.6112857013971124,-2.764167439563533,0.3486340635248071,014,camel,1,norm,corr,center
8,-1.4423897401301713,-2.0827988756856755,0.5704225969298247,014,camel_deriv,2,norm,corr,center
9,2.25085627567223,9.101803708663192,0.8215044156739396,015,linear,0,norm,corr,center
9,-0.3338911403940725,-1.6050588256715894,0.8449942895344982,015,camel,1,norm,corr,center
9,-0.6343461860728666,-0.8501297334985767,0.865875642311678,015,camel_deriv,2,norm,corr,center
10,3.2954024479401927,22.721565651931638,0.9663091408714728,022,linear,0,norm,corr,center
10,-0.04930641065566865,-0.37819782613945824,0.9665902419202668,022,camel,1,norm,corr,center
10,0.36766302610925944,0.79490771178484,0.971720176765555,022,camel_deriv,2,norm,corr,center
0,0.21472283416240986,0.6713397781342074,0.02442710404482973,001,linear,0,norm,corr,"medium
annulus"
0,-0.4353073533900911,-1.619936877402566,0.15488310119924042,001,camel,1,norm,corr,"medium
annulus"
0,-1.0622010094047798,-2.005823785676007,0.7792735316389608,001,camel_deriv,2,norm,corr,"medium
annulus"
1,-0.41223305097462043,-2.3071745088350215,0.22823143852974015,002,linear,0,norm,corr,"medium
annulus"
1,-0.2248287842771818,-1.4812002747820843,0.31644801423603064,002,camel,1,norm,corr,"medium
annulus"
1,0.3638305640583486,0.7869377810956287,0.5735005793766218,002,camel_deriv,2,norm,corr,"medium
annulus"
2,-0.113018992484373,-0.6263277987053658,0.021328860399564276,005,linear,0,norm,corr,"medium
annulus"
2,-0.09070546256386959,-0.5620147937390448,0.03918091452307737,005,camel,1,norm,corr,"medium
annulus"
2,0.5361665627113185,0.9653594154932907,0.2347608221458355,005,camel_deriv,2,norm,corr,"medium
annulus"
3,-0.06073982130510696,-0.12716648432636102,0.0008975999646883004,006,linear,0,norm,corr,"medium
annulus"
3,0.10209700036852637,0.23718981523545307,0.0041930770291240815,006,camel,1,norm,corr,"medium
annulus"
3,0.699729579984359,0.737066667843475,0.674242998315986,006,camel_deriv,2,norm,corr,"medium
annulus"
4,-1.5143168213430585,-3.3002492263805987,0.3769825142434038,008,linear,0,norm,corr,"medium
annulus"
4,0.7263342476694006,1.9375911520232834,0.48968079193827674,008,camel,1,norm,corr,"medium
annulus"
4,1.7917091745122327,1.6687093849425252,0.7184390901201091,008,camel_deriv,2,norm,corr,"medium
annulus"
5,0.20103775113040462,1.0843441938991107,0.061316982233986184,010,linear,0,norm,corr,"medium
annulus"
5,0.30578684441258586,2.038214366671179,0.24565701198721368,010,camel,1,norm,corr,"medium
annulus"
5,-0.24786843878343012,-0.5520680146619391,0.5456465220787273,010,camel_deriv,2,norm,corr,"medium
annulus"
6,-1.091975932279114,-6.2861131846882765,0.6870393554588383,011,linear,0,norm,corr,"medium
annulus"
6,-0.017298244469592217,-0.11035528364760684,0.6872633905585215,011,camel,1,norm,corr,"medium
annulus"
6,0.5410274609987062,1.207641219857549,0.8281975815467857,011,camel_deriv,2,norm,corr,"medium
annulus"
7,-0.39303698992499964,-1.5011615889303942,0.1112641104432337,013,linear,0,norm,corr,"medium
annulus"
7,0.20527652874670918,0.8884977160544263,0.15070288039161572,013,camel,1,norm,corr,"medium
annulus"
7,-0.15835666473411886,-0.27517165106802255,0.6456237636430006,013,camel_deriv,2,norm,corr,"medium
annulus"
8,0.7276777771813142,3.602827386131864,0.4189868357344524,014,linear,0,norm,corr,"medium
annulus"
8,0.27139760130650703,1.5962616957989098,0.49472079903733446,014,camel,1,norm,corr,"medium
annulus"
8,0.9170861211826713,1.4244814496852651,0.5127634847331508,014,camel_deriv,2,norm,corr,"medium
annulus"
9,0.1273158703928508,0.6730476878819966,0.024548493867367682,015,linear,0,norm,corr,"medium
annulus"
9,0.15433227309170955,0.9263609103474122,0.07142225382810874,015,camel,1,norm,corr,"medium
annulus"
9,0.7562117612565418,2.176713238835691,0.7284466209050205,015,camel_deriv,2,norm,corr,"medium
annulus"
10,-0.5390929733175607,-5.9839922118689275,0.6654782645213475,022,linear,0,norm,corr,"medium
annulus"
10,-0.05817606983188775,-0.7263997102133545,0.6755487825492172,022,camel,1,norm,corr,"medium
annulus"
10,0.32156691948809657,2.1542712412537424,0.9242016897000118,022,camel_deriv,2,norm,corr,"medium
annulus"
0,1.4807733532428176,2.6637583938727043,0.28274304253260285,001,linear,0,norm,corr,"large
annulus"
0,1.3410294900848116,3.509472948532594,0.5840768948316248,001,camel,1,norm,corr,"large
annulus"
0,4.097428980634054,3.763340590753883,0.7729081258418732,001,camel_deriv,2,norm,corr,"large
annulus"
1,-0.30078290870002583,-1.2386509255335034,0.0785418244885886,002,linear,0,norm,corr,"large
annulus"
1,0.2070658290666249,0.9704635303339622,0.1269109313488923,002,camel,1,norm,corr,"large
annulus"
1,1.328375333200822,2.305498026447051,0.5718284571849162,002,camel_deriv,2,norm,corr,"large
annulus"
2,0.045846719874088004,0.30849126377132857,0.0052592419047834404,005,linear,0,norm,corr,"large
annulus"
2,0.3309713806198451,3.079202410066547,0.3614183153793302,005,camel,1,norm,corr,"large
annulus"
2,0.853198745227146,2.5761354498070275,0.5922624910235985,005,camel_deriv,2,norm,corr,"large
annulus"
3,0.7964213850143892,1.6761033333324498,0.1350030689210282,006,linear,0,norm,corr,"large
annulus"
3,0.19763706015082796,0.46368368565292295,0.14580623634531042,006,camel,1,norm,corr,"large
annulus"
3,-0.9529104416807246,-0.6953841685260762,0.4062229370117514,006,camel_deriv,2,norm,corr,"large
annulus"
4,0.9111201378415754,1.1575212330407723,0.0692794944370666,008,linear,0,norm,corr,"large
annulus"
4,1.65420491522277,2.8208740904160536,0.36602800889983345,008,camel,1,norm,corr,"large
annulus"
4,4.893066615100784,2.450147160513941,0.5055272484865202,008,camel_deriv,2,norm,corr,"large
annulus"
5,0.6780516294730826,2.1833030189075022,0.20937547414271185,010,linear,0,norm,corr,"large
annulus"
5,-0.028479029869930006,-0.10161896661331282,0.20985543650619598,010,camel,1,norm,corr,"large
annulus"
5,-0.9743259242368583,-1.0333940008071612,0.3985660320578638,010,camel_deriv,2,norm,corr,"large
annulus"
6,0.13747433905928308,0.5176074897761477,0.014666012876113577,011,linear,0,norm,corr,"large
annulus"
6,0.6470919102209309,3.5703586072011935,0.4369039423114056,011,camel,1,norm,corr,"large
annulus"
6,1.3862325943047957,2.3461526671344624,0.5975244668409615,011,camel_deriv,2,norm,corr,"large
annulus"
7,0.49023151091977385,1.6935599923839437,0.13744131959293926,013,linear,0,norm,corr,"large
annulus"
7,0.6857364614024601,3.402616471093829,0.4868919875804598,013,camel,1,norm,corr,"large
annulus"
7,2.53722628301962,3.820372739234748,0.625257606312176,013,camel_deriv,2,norm,corr,"large
annulus"
8,0.2448546207288611,1.111074061563411,0.06418084672805235,014,linear,0,norm,corr,"large
annulus"
8,0.4628658582857488,2.8184654108394103,0.3622078738979738,014,camel,1,norm,corr,"large
annulus"
8,0.8562592939793792,1.4560933141510728,0.4500388088321674,014,camel_deriv,2,norm,corr,"large
annulus"
9,0.8447146996750127,2.6168863020382083,0.27559835939330846,015,linear,0,norm,corr,"large
annulus"
9,-0.5495361563650709,-2.120863619517331,0.42716568553295353,015,camel,1,norm,corr,"large
annulus"
9,-1.595243163372254,-2.136856773275258,0.6802058540575902,015,camel_deriv,2,norm,corr,"large
annulus"
10,1.093579263740639,4.921468644480891,0.5736703913521393,022,linear,0,norm,corr,"large
annulus"
10,0.452463705211854,2.694857545072064,0.7012807468495138,022,camel,1,norm,corr,"large
annulus"
10,1.6333257689587424,3.06685652263465,0.797869597395326,022,camel_deriv,2,norm,corr,"large
annulus"
