,subject,depth,linear,peak_upper,deriv_upper,peak_deep,deriv_deep,event_type,response
0,1,0,1.0,3.85795247845909e-06,1.4351876331745704e-49,0.0004242082537136424,5.937225041628139e-43,center,3.060354774350864
1,1,1,0.9473684210526315,0.0004280662061921015,5.937226476815773e-43,0.007839989003240847,4.0552331605250924e-37,center,3.0611409772856417
2,1,2,0.8947368421052632,0.015683835958960154,8.11046632105162e-37,0.09466077726194468,1.8292173708558423e-31,center,2.894289240718079
3,1,3,0.8421052631578947,0.18974962073008145,3.658434741717622e-31,0.371182180777932,2.724595794762845e-26,center,2.879196821613713
4,1,4,0.7894736842105263,0.7580481975148242,5.449191589606794e-26,0.40512518963495925,1.3400658030983542e-21,center,2.551744567249125
5,1,5,0.7368421052631579,1.0,2.680131606562552e-21,-0.1612228012807434,2.1763936221812155e-17,center,2.1043511438932905
6,1,6,0.6842105263157895,0.4356025949533374,4.352787249811623e-17,-0.46867160120514767,1.167175165140125e-13,center,1.71030265346572
7,1,7,0.631578947368421,0.06265679758970469,2.3343503570815663e-13,-0.21631329651426595,2.0669114597562207e-10,center,1.4309592928261068
8,1,8,0.5789473684210527,0.0029760019248055093,4.1338233547911664e-10,-0.03130506123185124,1.2086335705923708e-07,center,1.231196880030616
9,1,9,0.5263157894736842,4.6675126002199454e-05,2.4172694755350985e-07,-0.0014878800989289779,2.3337356309931786e-05,center,1.036636505125495
10,1,10,0.47368421052631576,2.41726947553512e-07,4.667512600219905e-05,-2.333735630993199e-05,0.0014878800989289692,center,0.7358936000046952
11,1,11,0.42105263157894735,4.133823354791225e-10,0.002976001924805492,-1.2086335705923816e-07,0.03130506123185125,center,0.3968977803747517
12,1,12,0.3684210526315789,2.3343503570815663e-13,0.0626567975897047,-2.06691145975625e-10,0.21631329651426598,center,0.1757911612222635
13,1,13,0.3157894736842105,4.352787249811622e-17,0.4356025949533375,-1.167175165140125e-13,0.46867160120514767,center,0.0253642824963786
14,1,14,0.2631578947368421,2.6801316065625515e-21,1.0,-2.1763936221812152e-17,0.16122280128074365,center,0.0903844429116941
15,1,15,0.21052631578947367,5.44919158960687e-26,0.7580481975148248,-1.340065803098354e-21,-0.40512518963495914,center,0.2191937286497709
16,1,16,0.15789473684210525,3.658434741717621e-31,0.18974962073008178,-2.724595794762883e-26,-0.3711821807779323,center,0.2832716815221192
17,1,17,0.10526315789473684,8.110466321051618e-37,0.015683835958960154,-1.829217370855842e-31,-0.09466077726194484,center,0.251463172698138
18,1,18,0.05263157894736842,5.9372264768159415e-43,0.0004280662061921046,-4.055233160525092e-37,-0.007839989003240847,center,0.2908079784046735
19,1,19,0.0,1.4351876331745702e-49,3.857952478459091e-06,-5.937225041628308e-43,-0.0004242082537136455,center,0.2813825615342595
20,1,0,1.0,3.85795247845909e-06,1.4351876331745704e-49,0.0004242082537136424,5.937225041628139e-43,medium,0.4166016557512041
21,1,1,0.9473684210526315,0.0004280662061921015,5.937226476815773e-43,0.007839989003240847,4.0552331605250924e-37,medium,0.7523504677260429
22,1,2,0.8947368421052632,0.015683835958960154,8.11046632105162e-37,0.09466077726194468,1.8292173708558423e-31,medium,0.0963207745480844
23,1,3,0.8421052631578947,0.18974962073008145,3.658434741717622e-31,0.371182180777932,2.724595794762845e-26,medium,-0.5924368678643688
24,1,4,0.7894736842105263,0.7580481975148242,5.449191589606794e-26,0.40512518963495925,1.3400658030983542e-21,medium,-0.3795523964798661
25,1,5,0.7368421052631579,1.0,2.680131606562552e-21,-0.1612228012807434,2.1763936221812155e-17,medium,0.1626699715885879
26,1,6,0.6842105263157895,0.4356025949533374,4.352787249811623e-17,-0.46867160120514767,1.167175165140125e-13,medium,0.57116694689442
27,1,7,0.631578947368421,0.06265679758970469,2.3343503570815663e-13,-0.21631329651426595,2.0669114597562207e-10,medium,0.6871178385191385
28,1,8,0.5789473684210527,0.0029760019248055093,4.1338233547911664e-10,-0.03130506123185124,1.2086335705923708e-07,medium,0.7642162226658856
29,1,9,0.5263157894736842,4.6675126002199454e-05,2.4172694755350985e-07,-0.0014878800989289779,2.3337356309931786e-05,medium,0.532294241685545
30,1,10,0.47368421052631576,2.41726947553512e-07,4.667512600219905e-05,-2.333735630993199e-05,0.0014878800989289692,medium,0.3523015642167886
31,1,11,0.42105263157894735,4.133823354791225e-10,0.002976001924805492,-1.2086335705923816e-07,0.03130506123185125,medium,0.3640618694265002
32,1,12,0.3684210526315789,2.3343503570815663e-13,0.0626567975897047,-2.06691145975625e-10,0.21631329651426598,medium,0.4983592527953287
33,1,13,0.3157894736842105,4.352787249811622e-17,0.4356025949533375,-1.167175165140125e-13,0.46867160120514767,medium,0.5705953080845991
34,1,14,0.2631578947368421,2.6801316065625515e-21,1.0,-2.1763936221812152e-17,0.16122280128074365,medium,0.1350405020782348
35,1,15,0.21052631578947367,5.44919158960687e-26,0.7580481975148248,-1.340065803098354e-21,-0.40512518963495914,medium,-0.3913435520751805
36,1,16,0.15789473684210525,3.658434741717621e-31,0.18974962073008178,-2.724595794762883e-26,-0.3711821807779323,medium,-0.575377358569453
37,1,17,0.10526315789473684,8.110466321051618e-37,0.015683835958960154,-1.829217370855842e-31,-0.09466077726194484,medium,-0.065636132158162
38,1,18,0.05263157894736842,5.9372264768159415e-43,0.0004280662061921046,-4.055233160525092e-37,-0.007839989003240847,medium,0.4337647643917485
39,1,19,0.0,1.4351876331745702e-49,3.857952478459091e-06,-5.937225041628308e-43,-0.0004242082537136455,medium,0.1692098988928062
40,1,0,1.0,3.85795247845909e-06,1.4351876331745704e-49,0.0004242082537136424,5.937225041628139e-43,large,0.5547507790925174
41,1,1,0.9473684210526315,0.0004280662061921015,5.937226476815773e-43,0.007839989003240847,4.0552331605250924e-37,large,0.2592091614773885
42,1,2,0.8947368421052632,0.015683835958960154,8.11046632105162e-37,0.09466077726194468,1.8292173708558423e-31,large,1.0688593592164637
43,1,3,0.8421052631578947,0.18974962073008145,3.658434741717622e-31,0.371182180777932,2.724595794762845e-26,large,1.7663906506077238
44,1,4,0.7894736842105263,0.7580481975148242,5.449191589606794e-26,0.40512518963495925,1.3400658030983542e-21,large,1.3705079197376795
45,1,5,0.7368421052631579,1.0,2.680131606562552e-21,-0.1612228012807434,2.1763936221812155e-17,large,0.6535473089212094
46,1,6,0.6842105263157895,0.4356025949533374,4.352787249811623e-17,-0.46867160120514767,1.167175165140125e-13,large,0.0133003117865435
47,1,7,0.631578947368421,0.06265679758970469,2.3343503570815663e-13,-0.21631329651426595,2.0669114597562207e-10,large,-0.3737602066928978
48,1,8,0.5789473684210527,0.0029760019248055093,4.1338233547911664e-10,-0.03130506123185124,1.2086335705923708e-07,large,-0.682583102493747
49,1,9,0.5263157894736842,4.6675126002199454e-05,2.4172694755350985e-07,-0.0014878800989289779,2.3337356309931786e-05,large,-0.7242940350030731
50,1,10,0.47368421052631576,2.41726947553512e-07,4.667512600219905e-05,-2.333735630993199e-05,0.0014878800989289692,large,-0.7992659218681312
51,1,11,0.42105263157894735,4.133823354791225e-10,0.002976001924805492,-1.2086335705923816e-07,0.03130506123185125,large,-0.7704694805214893
52,1,12,0.3684210526315789,2.3343503570815663e-13,0.0626567975897047,-2.06691145975625e-10,0.21631329651426598,large,-0.1340384313161837
53,1,13,0.3157894736842105,4.352787249811622e-17,0.4356025949533375,-1.167175165140125e-13,0.46867160120514767,large,0.5959030071586822
54,1,14,0.2631578947368421,2.6801316065625515e-21,1.0,-2.1763936221812152e-17,0.16122280128074365,large,0.7409046734883113
55,1,15,0.21052631578947367,5.44919158960687e-26,0.7580481975148248,-1.340065803098354e-21,-0.40512518963495914,large,0.6774802627458125
56,1,16,0.15789473684210525,3.658434741717621e-31,0.18974962073008178,-2.724595794762883e-26,-0.3711821807779323,large,0.3937421092106328
57,1,17,0.10526315789473684,8.110466321051618e-37,0.015683835958960154,-1.829217370855842e-31,-0.09466077726194484,large,-0.5266395771637039
58,1,18,0.05263157894736842,5.9372264768159415e-43,0.0004280662061921046,-4.055233160525092e-37,-0.007839989003240847,large,-1.4831995735907977
59,1,19,0.0,1.4351876331745702e-49,3.857952478459091e-06,-5.937225041628308e-43,-0.0004242082537136455,large,-1.0430060590499568
0,2,0,1.0,3.85795247845909e-06,1.4351876331745704e-49,0.0004242082537136424,5.937225041628139e-43,center,2.500303959788046
1,2,1,0.9473684210526315,0.0004280662061921015,5.937226476815773e-43,0.007839989003240847,4.0552331605250924e-37,center,2.677791272635871
2,2,2,0.8947368421052632,0.015683835958960154,8.11046632105162e-37,0.09466077726194468,1.8292173708558423e-31,center,2.157537277978107
3,2,3,0.8421052631578947,0.18974962073008145,3.658434741717622e-31,0.371182180777932,2.724595794762845e-26,center,1.7890425076188503
4,2,4,0.7894736842105263,0.7580481975148242,5.449191589606794e-26,0.40512518963495925,1.3400658030983542e-21,center,1.707959858812132
5,2,5,0.7368421052631579,1.0,2.680131606562552e-21,-0.1612228012807434,2.1763936221812155e-17,center,1.7068598915196134
6,2,6,0.6842105263157895,0.4356025949533374,4.352787249811623e-17,-0.46867160120514767,1.167175165140125e-13,center,1.6646014263460114
7,2,7,0.631578947368421,0.06265679758970469,2.3343503570815663e-13,-0.21631329651426595,2.0669114597562207e-10,center,1.4535375276188385
8,2,8,0.5789473684210527,0.0029760019248055093,4.1338233547911664e-10,-0.03130506123185124,1.2086335705923708e-07,center,1.3220546101380686
9,2,9,0.5263157894736842,4.6675126002199454e-05,2.4172694755350985e-07,-0.0014878800989289779,2.3337356309931786e-05,center,1.3145906114363528
10,2,10,0.47368421052631576,2.41726947553512e-07,4.667512600219905e-05,-2.333735630993199e-05,0.0014878800989289692,center,1.240549655194634
11,2,11,0.42105263157894735,4.133823354791225e-10,0.002976001924805492,-1.2086335705923816e-07,0.03130506123185125,center,1.0757135776079818
12,2,12,0.3684210526315789,2.3343503570815663e-13,0.0626567975897047,-2.06691145975625e-10,0.21631329651426598,center,0.8711394470037137
13,2,13,0.3157894736842105,4.352787249811622e-17,0.4356025949533375,-1.167175165140125e-13,0.46867160120514767,center,0.7372450712660283
14,2,14,0.2631578947368421,2.6801316065625515e-21,1.0,-2.1763936221812152e-17,0.16122280128074365,center,0.6160340588358589
15,2,15,0.21052631578947367,5.44919158960687e-26,0.7580481975148248,-1.340065803098354e-21,-0.40512518963495914,center,0.4910242102997562
16,2,16,0.15789473684210525,3.658434741717621e-31,0.18974962073008178,-2.724595794762883e-26,-0.3711821807779323,center,0.3625491643055354
17,2,17,0.10526315789473684,8.110466321051618e-37,0.015683835958960154,-1.829217370855842e-31,-0.09466077726194484,center,0.321985762735639
18,2,18,0.05263157894736842,5.9372264768159415e-43,0.0004280662061921046,-4.055233160525092e-37,-0.007839989003240847,center,0.3525756946449663
19,2,19,0.0,1.4351876331745702e-49,3.857952478459091e-06,-5.937225041628308e-43,-0.0004242082537136455,center,0.347527660591392
20,2,0,1.0,3.85795247845909e-06,1.4351876331745704e-49,0.0004242082537136424,5.937225041628139e-43,medium,0.3112098277187771
21,2,1,0.9473684210526315,0.0004280662061921015,5.937226476815773e-43,0.007839989003240847,4.0552331605250924e-37,medium,0.4238619603557819
22,2,2,0.8947368421052632,0.015683835958960154,8.11046632105162e-37,0.09466077726194468,1.8292173708558423e-31,medium,0.2140254077833482
23,2,3,0.8421052631578947,0.18974962073008145,3.658434741717622e-31,0.371182180777932,2.724595794762845e-26,medium,-0.028539071916817
24,2,4,0.7894736842105263,0.7580481975148242,5.449191589606794e-26,0.40512518963495925,1.3400658030983542e-21,medium,-0.1029353793167222
25,2,5,0.7368421052631579,1.0,2.680131606562552e-21,-0.1612228012807434,2.1763936221812155e-17,medium,-0.092485211592298
26,2,6,0.6842105263157895,0.4356025949533374,4.352787249811623e-17,-0.46867160120514767,1.167175165140125e-13,medium,-0.105926669324412
27,2,7,0.631578947368421,0.06265679758970469,2.3343503570815663e-13,-0.21631329651426595,2.0669114597562207e-10,medium,-0.0824133600904216
28,2,8,0.5789473684210527,0.0029760019248055093,4.1338233547911664e-10,-0.03130506123185124,1.2086335705923708e-07,medium,-0.0977525450422732
29,2,9,0.5263157894736842,4.6675126002199454e-05,2.4172694755350985e-07,-0.0014878800989289779,2.3337356309931786e-05,medium,-0.0291399501430929
30,2,10,0.47368421052631576,2.41726947553512e-07,4.667512600219905e-05,-2.333735630993199e-05,0.0014878800989289692,medium,0.222392479923407
31,2,11,0.42105263157894735,4.133823354791225e-10,0.002976001924805492,-1.2086335705923816e-07,0.03130506123185125,medium,0.5387122390190815
32,2,12,0.3684210526315789,2.3343503570815663e-13,0.0626567975897047,-2.06691145975625e-10,0.21631329651426598,medium,0.5966710191000784
33,2,13,0.3157894736842105,4.352787249811622e-17,0.4356025949533375,-1.167175165140125e-13,0.46867160120514767,medium,0.5925685691776366
34,2,14,0.2631578947368421,2.6801316065625515e-21,1.0,-2.1763936221812152e-17,0.16122280128074365,medium,0.3640095497698983
35,2,15,0.21052631578947367,5.44919158960687e-26,0.7580481975148248,-1.340065803098354e-21,-0.40512518963495914,medium,0.1390660124187678
36,2,16,0.15789473684210525,3.658434741717621e-31,0.18974962073008178,-2.724595794762883e-26,-0.3711821807779323,medium,0.1197707301354896
37,2,17,0.10526315789473684,8.110466321051618e-37,0.015683835958960154,-1.829217370855842e-31,-0.09466077726194484,medium,0.3841445446027348
38,2,18,0.05263157894736842,5.9372264768159415e-43,0.0004280662061921046,-4.055233160525092e-37,-0.007839989003240847,medium,0.638177969174661
39,2,19,0.0,1.4351876331745702e-49,3.857952478459091e-06,-5.937225041628308e-43,-0.0004242082537136455,medium,0.4963068503642578
40,2,0,1.0,3.85795247845909e-06,1.4351876331745704e-49,0.0004242082537136424,5.937225041628139e-43,large,0.1433413859172533
41,2,1,0.9473684210526315,0.0004280662061921015,5.937226476815773e-43,0.007839989003240847,4.0552331605250924e-37,large,0.1503863359288268
42,2,2,0.8947368421052632,0.015683835958960154,8.11046632105162e-37,0.09466077726194468,1.8292173708558423e-31,large,0.3548633998085244
43,2,3,0.8421052631578947,0.18974962073008145,3.658434741717622e-31,0.371182180777932,2.724595794762845e-26,large,0.4472215664651517
44,2,4,0.7894736842105263,0.7580481975148242,5.449191589606794e-26,0.40512518963495925,1.3400658030983542e-21,large,0.1733699764028548
45,2,5,0.7368421052631579,1.0,2.680131606562552e-21,-0.1612228012807434,2.1763936221812155e-17,large,-0.1791582511595353
46,2,6,0.6842105263157895,0.4356025949533374,4.352787249811623e-17,-0.46867160120514767,1.167175165140125e-13,large,-0.4462476945086395
47,2,7,0.631578947368421,0.06265679758970469,2.3343503570815663e-13,-0.21631329651426595,2.0669114597562207e-10,large,-0.4339748737358614
48,2,8,0.5789473684210527,0.0029760019248055093,4.1338233547911664e-10,-0.03130506123185124,1.2086335705923708e-07,large,-0.3434644347366345
49,2,9,0.5263157894736842,4.6675126002199454e-05,2.4172694755350985e-07,-0.0014878800989289779,2.3337356309931786e-05,large,-0.2652680560120437
50,2,10,0.47368421052631576,2.41726947553512e-07,4.667512600219905e-05,-2.333735630993199e-05,0.0014878800989289692,large,-0.3134745606946804
51,2,11,0.42105263157894735,4.133823354791225e-10,0.002976001924805492,-1.2086335705923816e-07,0.03130506123185125,large,-0.342745373423611
52,2,12,0.3684210526315789,2.3343503570815663e-13,0.0626567975897047,-2.06691145975625e-10,0.21631329651426598,large,-0.0188793448491272
53,2,13,0.3157894736842105,4.352787249811622e-17,0.4356025949533375,-1.167175165140125e-13,0.46867160120514767,large,0.3984971559707859
54,2,14,0.2631578947368421,2.6801316065625515e-21,1.0,-2.1763936221812152e-17,0.16122280128074365,large,0.479371459585226
55,2,15,0.21052631578947367,5.44919158960687e-26,0.7580481975148248,-1.340065803098354e-21,-0.40512518963495914,large,0.434632276223805
56,2,16,0.15789473684210525,3.658434741717621e-31,0.18974962073008178,-2.724595794762883e-26,-0.3711821807779323,large,0.3873311046758227
57,2,17,0.10526315789473684,8.110466321051618e-37,0.015683835958960154,-1.829217370855842e-31,-0.09466077726194484,large,0.3566416802831258
58,2,18,0.05263157894736842,5.9372264768159415e-43,0.0004280662061921046,-4.055233160525092e-37,-0.007839989003240847,large,0.289774095925274
59,2,19,0.0,1.4351876331745702e-49,3.857952478459091e-06,-5.937225041628308e-43,-0.0004242082537136455,large,0.2851213076764671
0,5,0,1.0,3.85795247845909e-06,1.4351876331745704e-49,0.0004242082537136424,5.937225041628139e-43,center,2.560170577784967
1,5,1,0.9473684210526315,0.0004280662061921015,5.937226476815773e-43,0.007839989003240847,4.0552331605250924e-37,center,2.6884478744995404
2,5,2,0.8947368421052632,0.015683835958960154,8.11046632105162e-37,0.09466077726194468,1.8292173708558423e-31,center,2.0871865111241
3,5,3,0.8421052631578947,0.18974962073008145,3.658434741717622e-31,0.371182180777932,2.724595794762845e-26,center,1.6844782849865978
4,5,4,0.7894736842105263,0.7580481975148242,5.449191589606794e-26,0.40512518963495925,1.3400658030983542e-21,center,1.5746578039800785
5,5,5,0.7368421052631579,1.0,2.680131606562552e-21,-0.1612228012807434,2.1763936221812155e-17,center,1.468655452335449
6,5,6,0.6842105263157895,0.4356025949533374,4.352787249811623e-17,-0.46867160120514767,1.167175165140125e-13,center,1.415332410698399
7,5,7,0.631578947368421,0.06265679758970469,2.3343503570815663e-13,-0.21631329651426595,2.0669114597562207e-10,center,1.3301876119392295
8,5,8,0.5789473684210527,0.0029760019248055093,4.1338233547911664e-10,-0.03130506123185124,1.2086335705923708e-07,center,1.3875311209403185
9,5,9,0.5263157894736842,4.6675126002199454e-05,2.4172694755350985e-07,-0.0014878800989289779,2.3337356309931786e-05,center,1.4974110373164151
10,5,10,0.47368421052631576,2.41726947553512e-07,4.667512600219905e-05,-2.333735630993199e-05,0.0014878800989289692,center,1.3873902087907637
11,5,11,0.42105263157894735,4.133823354791225e-10,0.002976001924805492,-1.2086335705923816e-07,0.03130506123185125,center,1.07955954586902
12,5,12,0.3684210526315789,2.3343503570815663e-13,0.0626567975897047,-2.06691145975625e-10,0.21631329651426598,center,0.8200544781068189
13,5,13,0.3157894736842105,4.352787249811622e-17,0.4356025949533375,-1.167175165140125e-13,0.46867160120514767,center,0.7477450612566443
14,5,14,0.2631578947368421,2.6801316065625515e-21,1.0,-2.1763936221812152e-17,0.16122280128074365,center,0.7285809513398335
15,5,15,0.21052631578947367,5.44919158960687e-26,0.7580481975148248,-1.340065803098354e-21,-0.40512518963495914,center,0.515457732208399
16,5,16,0.15789473684210525,3.658434741717621e-31,0.18974962073008178,-2.724595794762883e-26,-0.3711821807779323,center,0.2801987094273002
17,5,17,0.10526315789473684,8.110466321051618e-37,0.015683835958960154,-1.829217370855842e-31,-0.09466077726194484,center,0.3635809665835667
18,5,18,0.05263157894736842,5.9372264768159415e-43,0.0004280662061921046,-4.055233160525092e-37,-0.007839989003240847,center,0.5754647630338543
19,5,19,0.0,1.4351876331745702e-49,3.857952478459091e-06,-5.937225041628308e-43,-0.0004242082537136455,center,0.518532144156103
20,5,0,1.0,3.85795247845909e-06,1.4351876331745704e-49,0.0004242082537136424,5.937225041628139e-43,medium,0.4257754255788662
21,5,1,0.9473684210526315,0.0004280662061921015,5.937226476815773e-43,0.007839989003240847,4.0552331605250924e-37,medium,0.428543384300131
22,5,2,0.8947368421052632,0.015683835958960154,8.11046632105162e-37,0.09466077726194468,1.8292173708558423e-31,medium,0.4424226738042035
23,5,3,0.8421052631578947,0.18974962073008145,3.658434741717622e-31,0.371182180777932,2.724595794762845e-26,medium,0.3914271152980538
24,5,4,0.7894736842105263,0.7580481975148242,5.449191589606794e-26,0.40512518963495925,1.3400658030983542e-21,medium,0.2540076755528749
25,5,5,0.7368421052631579,1.0,2.680131606562552e-21,-0.1612228012807434,2.1763936221812155e-17,medium,0.1701490340104909
26,5,6,0.6842105263157895,0.4356025949533374,4.352787249811623e-17,-0.46867160120514767,1.167175165140125e-13,medium,0.0010521587837357
27,5,7,0.631578947368421,0.06265679758970469,2.3343503570815663e-13,-0.21631329651426595,2.0669114597562207e-10,medium,-0.2542938176416882
28,5,8,0.5789473684210527,0.0029760019248055093,4.1338233547911664e-10,-0.03130506123185124,1.2086335705923708e-07,medium,-0.2251904639322482
29,5,9,0.5263157894736842,4.6675126002199454e-05,2.4172694755350985e-07,-0.0014878800989289779,2.3337356309931786e-05,medium,-0.1175149495802349
30,5,10,0.47368421052631576,2.41726947553512e-07,4.667512600219905e-05,-2.333735630993199e-05,0.0014878800989289692,medium,0.0275343860667951
31,5,11,0.42105263157894735,4.133823354791225e-10,0.002976001924805492,-1.2086335705923816e-07,0.03130506123185125,medium,0.2102921057900734
32,5,12,0.3684210526315789,2.3343503570815663e-13,0.0626567975897047,-2.06691145975625e-10,0.21631329651426598,medium,0.3331185561749962
33,5,13,0.3157894736842105,4.352787249811622e-17,0.4356025949533375,-1.167175165140125e-13,0.46867160120514767,medium,0.323045095336568
34,5,14,0.2631578947368421,2.6801316065625515e-21,1.0,-2.1763936221812152e-17,0.16122280128074365,medium,0.142174416114079
35,5,15,0.21052631578947367,5.44919158960687e-26,0.7580481975148248,-1.340065803098354e-21,-0.40512518963495914,medium,0.1354162840911723
36,5,16,0.15789473684210525,3.658434741717621e-31,0.18974962073008178,-2.724595794762883e-26,-0.3711821807779323,medium,0.266236390159
37,5,17,0.10526315789473684,8.110466321051618e-37,0.015683835958960154,-1.829217370855842e-31,-0.09466077726194484,medium,0.4384444346388002
38,5,18,0.05263157894736842,5.9372264768159415e-43,0.0004280662061921046,-4.055233160525092e-37,-0.007839989003240847,medium,0.5926978895986705
39,5,19,0.0,1.4351876331745702e-49,3.857952478459091e-06,-5.937225041628308e-43,-0.0004242082537136455,medium,0.5163871779735434
40,5,0,1.0,3.85795247845909e-06,1.4351876331745704e-49,0.0004242082537136424,5.937225041628139e-43,large,0.0485348310480751
41,5,1,0.9473684210526315,0.0004280662061921015,5.937226476815773e-43,0.007839989003240847,4.0552331605250924e-37,large,0.0613890702023055
42,5,2,0.8947368421052632,0.015683835958960154,8.11046632105162e-37,0.09466077726194468,1.8292173708558423e-31,large,0.2913025629073373
43,5,3,0.8421052631578947,0.18974962073008145,3.658434741717622e-31,0.371182180777932,2.724595794762845e-26,large,0.3905668217828894
44,5,4,0.7894736842105263,0.7580481975148242,5.449191589606794e-26,0.40512518963495925,1.3400658030983542e-21,large,0.2589667893167282
45,5,5,0.7368421052631579,1.0,2.680131606562552e-21,-0.1612228012807434,2.1763936221812155e-17,large,0.1246892083915874
46,5,6,0.6842105263157895,0.4356025949533374,4.352787249811623e-17,-0.46867160120514767,1.167175165140125e-13,large,0.0633063124524383
47,5,7,0.631578947368421,0.06265679758970469,2.3343503570815663e-13,-0.21631329651426595,2.0669114597562207e-10,large,-0.0781985132242748
48,5,8,0.5789473684210527,0.0029760019248055093,4.1338233547911664e-10,-0.03130506123185124,1.2086335705923708e-07,large,-0.2026525287515031
49,5,9,0.5263157894736842,4.6675126002199454e-05,2.4172694755350985e-07,-0.0014878800989289779,2.3337356309931786e-05,large,-0.1620879525536357
50,5,10,0.47368421052631576,2.41726947553512e-07,4.667512600219905e-05,-2.333735630993199e-05,0.0014878800989289692,large,-0.1710720521459764
51,5,11,0.42105263157894735,4.133823354791225e-10,0.002976001924805492,-1.2086335705923816e-07,0.03130506123185125,large,-0.2181468525110068
52,5,12,0.3684210526315789,2.3343503570815663e-13,0.0626567975897047,-2.06691145975625e-10,0.21631329651426598,large,-0.085968952808354
53,5,13,0.3157894736842105,4.352787249811622e-17,0.4356025949533375,-1.167175165140125e-13,0.46867160120514767,large,0.209638999633607
54,5,14,0.2631578947368421,2.6801316065625515e-21,1.0,-2.1763936221812152e-17,0.16122280128074365,large,0.3725581337842051
55,5,15,0.21052631578947367,5.44919158960687e-26,0.7580481975148248,-1.340065803098354e-21,-0.40512518963495914,large,0.3254725919271655
56,5,16,0.15789473684210525,3.658434741717621e-31,0.18974962073008178,-2.724595794762883e-26,-0.3711821807779323,large,0.25235515549878
57,5,17,0.10526315789473684,8.110466321051618e-37,0.015683835958960154,-1.829217370855842e-31,-0.09466077726194484,large,0.1254601918726374
58,5,18,0.05263157894736842,5.9372264768159415e-43,0.0004280662061921046,-4.055233160525092e-37,-0.007839989003240847,large,-0.037608840587748
59,5,19,0.0,1.4351876331745702e-49,3.857952478459091e-06,-5.937225041628308e-43,-0.0004242082537136455,large,-0.0111658204922738
0,6,0,1.0,3.85795247845909e-06,1.4351876331745704e-49,0.0004242082537136424,5.937225041628139e-43,center,1.8727669899839112
1,6,1,0.9473684210526315,0.0004280662061921015,5.937226476815773e-43,0.007839989003240847,4.0552331605250924e-37,center,1.9879789174389977
2,6,2,0.8947368421052632,0.015683835958960154,8.11046632105162e-37,0.09466077726194468,1.8292173708558423e-31,center,1.6411971469830795
3,6,3,0.8421052631578947,0.18974962073008145,3.658434741717622e-31,0.371182180777932,2.724595794762845e-26,center,1.4461745888827404
4,6,4,0.7894736842105263,0.7580481975148242,5.449191589606794e-26,0.40512518963495925,1.3400658030983542e-21,center,1.345055321448725
5,6,5,0.7368421052631579,1.0,2.680131606562552e-21,-0.1612228012807434,2.1763936221812155e-17,center,1.3760329382575915
6,6,6,0.6842105263157895,0.4356025949533374,4.352787249811623e-17,-0.46867160120514767,1.167175165140125e-13,center,1.4105496176164731
7,6,7,0.631578947368421,0.06265679758970469,2.3343503570815663e-13,-0.21631329651426595,2.0669114597562207e-10,center,1.5757780037660427
8,6,8,0.5789473684210527,0.0029760019248055093,4.1338233547911664e-10,-0.03130506123185124,1.2086335705923708e-07,center,2.11835081067648
9,6,9,0.5263157894736842,4.6675126002199454e-05,2.4172694755350985e-07,-0.0014878800989289779,2.3337356309931786e-05,center,2.6892649031588283
10,6,10,0.47368421052631576,2.41726947553512e-07,4.667512600219905e-05,-2.333735630993199e-05,0.0014878800989289692,center,2.450160279606357
11,6,11,0.42105263157894735,4.133823354791225e-10,0.002976001924805492,-1.2086335705923816e-07,0.03130506123185125,center,1.4231279752774162
12,6,12,0.3684210526315789,2.3343503570815663e-13,0.0626567975897047,-2.06691145975625e-10,0.21631329651426598,center,0.3996074030439243
13,6,13,0.3157894736842105,4.352787249811622e-17,0.4356025949533375,-1.167175165140125e-13,0.46867160120514767,center,-0.0208948926894976
14,6,14,0.2631578947368421,2.6801316065625515e-21,1.0,-2.1763936221812152e-17,0.16122280128074365,center,-0.0802895864709695
15,6,15,0.21052631578947367,5.44919158960687e-26,0.7580481975148248,-1.340065803098354e-21,-0.40512518963495914,center,-0.1259226953127609
16,6,16,0.15789473684210525,3.658434741717621e-31,0.18974962073008178,-2.724595794762883e-26,-0.3711821807779323,center,0.2385059948931058
17,6,17,0.10526315789473684,8.110466321051618e-37,0.015683835958960154,-1.829217370855842e-31,-0.09466077726194484,center,0.7527069553993101
18,6,18,0.05263157894736842,5.9372264768159415e-43,0.0004280662061921046,-4.055233160525092e-37,-0.007839989003240847,center,1.338061158983486
19,6,19,0.0,1.4351876331745702e-49,3.857952478459091e-06,-5.937225041628308e-43,-0.0004242082537136455,center,0.8724114154341579
20,6,0,1.0,3.85795247845909e-06,1.4351876331745704e-49,0.0004242082537136424,5.937225041628139e-43,medium,-0.1824071150978484
21,6,1,0.9473684210526315,0.0004280662061921015,5.937226476815773e-43,0.007839989003240847,4.0552331605250924e-37,medium,-0.7133178324615393
22,6,2,0.8947368421052632,0.015683835958960154,8.11046632105162e-37,0.09466077726194468,1.8292173708558423e-31,medium,-0.0820765983520734
23,6,3,0.8421052631578947,0.18974962073008145,3.658434741717622e-31,0.371182180777932,2.724595794762845e-26,medium,0.5164367079892315
24,6,4,0.7894736842105263,0.7580481975148242,5.449191589606794e-26,0.40512518963495925,1.3400658030983542e-21,medium,1.040225106377565
25,6,5,0.7368421052631579,1.0,2.680131606562552e-21,-0.1612228012807434,2.1763936221812155e-17,medium,1.0711092400863371
26,6,6,0.6842105263157895,0.4356025949533374,4.352787249811623e-17,-0.46867160120514767,1.167175165140125e-13,medium,1.0374391789492368
27,6,7,0.631578947368421,0.06265679758970469,2.3343503570815663e-13,-0.21631329651426595,2.0669114597562207e-10,medium,0.8160782653007694
28,6,8,0.5789473684210527,0.0029760019248055093,4.1338233547911664e-10,-0.03130506123185124,1.2086335705923708e-07,medium,0.3710799155690706
29,6,9,0.5263157894736842,4.6675126002199454e-05,2.4172694755350985e-07,-0.0014878800989289779,2.3337356309931786e-05,medium,-0.119693102164711
30,6,10,0.47368421052631576,2.41726947553512e-07,4.667512600219905e-05,-2.333735630993199e-05,0.0014878800989289692,medium,-0.2721806489468948
31,6,11,0.42105263157894735,4.133823354791225e-10,0.002976001924805492,-1.2086335705923816e-07,0.03130506123185125,medium,-0.086048134492567
32,6,12,0.3684210526315789,2.3343503570815663e-13,0.0626567975897047,-2.06691145975625e-10,0.21631329651426598,medium,0.0673986193926605
33,6,13,0.3157894736842105,4.352787249811622e-17,0.4356025949533375,-1.167175165140125e-13,0.46867160120514767,medium,-0.0386984813224985
34,6,14,0.2631578947368421,2.6801316065625515e-21,1.0,-2.1763936221812152e-17,0.16122280128074365,medium,-0.4344618908925751
35,6,15,0.21052631578947367,5.44919158960687e-26,0.7580481975148248,-1.340065803098354e-21,-0.40512518963495914,medium,-0.811775543933758
36,6,16,0.15789473684210525,3.658434741717621e-31,0.18974962073008178,-2.724595794762883e-26,-0.3711821807779323,medium,-0.2767235596727381
37,6,17,0.10526315789473684,8.110466321051618e-37,0.015683835958960154,-1.829217370855842e-31,-0.09466077726194484,medium,0.5490931459887635
38,6,18,0.05263157894736842,5.9372264768159415e-43,0.0004280662061921046,-4.055233160525092e-37,-0.007839989003240847,medium,1.3645694742188894
39,6,19,0.0,1.4351876331745702e-49,3.857952478459091e-06,-5.937225041628308e-43,-0.0004242082537136455,medium,0.6856782255825629
40,6,0,1.0,3.85795247845909e-06,1.4351876331745704e-49,0.0004242082537136424,5.937225041628139e-43,large,0.7556779903801543
41,6,1,0.9473684210526315,0.0004280662061921015,5.937226476815773e-43,0.007839989003240847,4.0552331605250924e-37,large,0.9351521393881363
42,6,2,0.8947368421052632,0.015683835958960154,8.11046632105162e-37,0.09466077726194468,1.8292173708558423e-31,large,0.9212691342283356
43,6,3,0.8421052631578947,0.18974962073008145,3.658434741717622e-31,0.371182180777932,2.724595794762845e-26,large,0.7952672450942372
44,6,4,0.7894736842105263,0.7580481975148242,5.449191589606794e-26,0.40512518963495925,1.3400658030983542e-21,large,0.5682891592413253
45,6,5,0.7368421052631579,1.0,2.680131606562552e-21,-0.1612228012807434,2.1763936221812155e-17,large,0.4751663526645093
46,6,6,0.6842105263157895,0.4356025949533374,4.352787249811623e-17,-0.46867160120514767,1.167175165140125e-13,large,0.3455086830970534
47,6,7,0.631578947368421,0.06265679758970469,2.3343503570815663e-13,-0.21631329651426595,2.0669114597562207e-10,large,0.0338336677885258
48,6,8,0.5789473684210527,0.0029760019248055093,4.1338233547911664e-10,-0.03130506123185124,1.2086335705923708e-07,large,-0.3714290077567513
49,6,9,0.5263157894736842,4.6675126002199454e-05,2.4172694755350985e-07,-0.0014878800989289779,2.3337356309931786e-05,large,-0.5881396595349848
50,6,10,0.47368421052631576,2.41726947553512e-07,4.667512600219905e-05,-2.333735630993199e-05,0.0014878800989289692,large,-0.833302899639841
51,6,11,0.42105263157894735,4.133823354791225e-10,0.002976001924805492,-1.2086335705923816e-07,0.03130506123185125,large,-1.0954609366206611
52,6,12,0.3684210526315789,2.3343503570815663e-13,0.0626567975897047,-2.06691145975625e-10,0.21631329651426598,large,-1.205258331934308
53,6,13,0.3157894736842105,4.352787249811622e-17,0.4356025949533375,-1.167175165140125e-13,0.46867160120514767,large,-0.7793704904487153
54,6,14,0.2631578947368421,2.6801316065625515e-21,1.0,-2.1763936221812152e-17,0.16122280128074365,large,-0.2313790634438269
55,6,15,0.21052631578947367,5.44919158960687e-26,0.7580481975148248,-1.340065803098354e-21,-0.40512518963495914,large,0.2619831114967745
56,6,16,0.15789473684210525,3.658434741717621e-31,0.18974962073008178,-2.724595794762883e-26,-0.3711821807779323,large,0.4117026533634911
57,6,17,0.10526315789473684,8.110466321051618e-37,0.015683835958960154,-1.829217370855842e-31,-0.09466077726194484,large,0.4210030052875093
58,6,18,0.05263157894736842,5.9372264768159415e-43,0.0004280662061921046,-4.055233160525092e-37,-0.007839989003240847,large,0.3941251430130436
59,6,19,0.0,1.4351876331745702e-49,3.857952478459091e-06,-5.937225041628308e-43,-0.0004242082537136455,large,0.3427012600789772
0,8,0,1.0,3.85795247845909e-06,1.4351876331745704e-49,0.0004242082537136424,5.937225041628139e-43,center,4.0060251711299495
1,8,1,0.9473684210526315,0.0004280662061921015,5.937226476815773e-43,0.007839989003240847,4.0552331605250924e-37,center,3.704616255416239
2,8,2,0.8947368421052632,0.015683835958960154,8.11046632105162e-37,0.09466077726194468,1.8292173708558423e-31,center,1.457790857281502
3,8,3,0.8421052631578947,0.18974962073008145,3.658434741717622e-31,0.371182180777932,2.724595794762845e-26,center,1.4629331076153669
4,8,4,0.7894736842105263,0.7580481975148242,5.449191589606794e-26,0.40512518963495925,1.3400658030983542e-21,center,2.144701811123032
5,8,5,0.7368421052631579,1.0,2.680131606562552e-21,-0.1612228012807434,2.1763936221812155e-17,center,2.565174008058038
6,8,6,0.6842105263157895,0.4356025949533374,4.352787249811623e-17,-0.46867160120514767,1.167175165140125e-13,center,2.8030916678326143
7,8,7,0.631578947368421,0.06265679758970469,2.3343503570815663e-13,-0.21631329651426595,2.0669114597562207e-10,center,1.907659892553868
8,8,8,0.5789473684210527,0.0029760019248055093,4.1338233547911664e-10,-0.03130506123185124,1.2086335705923708e-07,center,1.3046196363228566
9,8,9,0.5263157894736842,4.6675126002199454e-05,2.4172694755350985e-07,-0.0014878800989289779,2.3337356309931786e-05,center,1.1859430680396068
10,8,10,0.47368421052631576,2.41726947553512e-07,4.667512600219905e-05,-2.333735630993199e-05,0.0014878800989289692,center,1.1349479168900165
11,8,11,0.42105263157894735,4.133823354791225e-10,0.002976001924805492,-1.2086335705923816e-07,0.03130506123185125,center,1.1737251178454948
12,8,12,0.3684210526315789,2.3343503570815663e-13,0.0626567975897047,-2.06691145975625e-10,0.21631329651426598,center,0.862170782329534
13,8,13,0.3157894736842105,4.352787249811622e-17,0.4356025949533375,-1.167175165140125e-13,0.46867160120514767,center,0.4561693158296341
14,8,14,0.2631578947368421,2.6801316065625515e-21,1.0,-2.1763936221812152e-17,0.16122280128074365,center,0.2375560513486935
15,8,15,0.21052631578947367,5.44919158960687e-26,0.7580481975148248,-1.340065803098354e-21,-0.40512518963495914,center,0.0351504138080295
16,8,16,0.15789473684210525,3.658434741717621e-31,0.18974962073008178,-2.724595794762883e-26,-0.3711821807779323,center,-0.5426281670799868
17,8,17,0.10526315789473684,8.110466321051618e-37,0.015683835958960154,-1.829217370855842e-31,-0.09466077726194484,center,-0.8384005176411673
18,8,18,0.05263157894736842,5.9372264768159415e-43,0.0004280662061921046,-4.055233160525092e-37,-0.007839989003240847,center,-0.2126594488867803
19,8,19,0.0,1.4351876331745702e-49,3.857952478459091e-06,-5.937225041628308e-43,-0.0004242082537136455,center,-0.1379636934391424
20,8,0,1.0,3.85795247845909e-06,1.4351876331745704e-49,0.0004242082537136424,5.937225041628139e-43,medium,-0.6626574074037457
21,8,1,0.9473684210526315,0.0004280662061921015,5.937226476815773e-43,0.007839989003240847,4.0552331605250924e-37,medium,-0.6165764926405651
22,8,2,0.8947368421052632,0.015683835958960154,8.11046632105162e-37,0.09466077726194468,1.8292173708558423e-31,medium,-0.3802654837483599
23,8,3,0.8421052631578947,0.18974962073008145,3.658434741717622e-31,0.371182180777932,2.724595794762845e-26,medium,-0.4360294750552616
24,8,4,0.7894736842105263,0.7580481975148242,5.449191589606794e-26,0.40512518963495925,1.3400658030983542e-21,medium,-0.4937609934829741
25,8,5,0.7368421052631579,1.0,2.680131606562552e-21,-0.1612228012807434,2.1763936221812155e-17,medium,0.1987087989686239
26,8,6,0.6842105263157895,0.4356025949533374,4.352787249811623e-17,-0.46867160120514767,1.167175165140125e-13,medium,0.7537797652782713
27,8,7,0.631578947368421,0.06265679758970469,2.3343503570815663e-13,-0.21631329651426595,2.0669114597562207e-10,medium,0.5523715993649012
28,8,8,0.5789473684210527,0.0029760019248055093,4.1338233547911664e-10,-0.03130506123185124,1.2086335705923708e-07,medium,0.0816447707887537
29,8,9,0.5263157894736842,4.6675126002199454e-05,2.4172694755350985e-07,-0.0014878800989289779,2.3337356309931786e-05,medium,-0.928713109671156
30,8,10,0.47368421052631576,2.41726947553512e-07,4.667512600219905e-05,-2.333735630993199e-05,0.0014878800989289692,medium,-0.928845817395332
31,8,11,0.42105263157894735,4.133823354791225e-10,0.002976001924805492,-1.2086335705923816e-07,0.03130506123185125,medium,0.0815808637326146
32,8,12,0.3684210526315789,2.3343503570815663e-13,0.0626567975897047,-2.06691145975625e-10,0.21631329651426598,medium,1.018159597156949
33,8,13,0.3157894736842105,4.352787249811622e-17,0.4356025949533375,-1.167175165140125e-13,0.46867160120514767,medium,1.8734678553847588
34,8,14,0.2631578947368421,2.6801316065625515e-21,1.0,-2.1763936221812152e-17,0.16122280128074365,medium,1.2987896215762476
35,8,15,0.21052631578947367,5.44919158960687e-26,0.7580481975148248,-1.340065803098354e-21,-0.40512518963495914,medium,0.5762860160672169
36,8,16,0.15789473684210525,3.658434741717621e-31,0.18974962073008178,-2.724595794762883e-26,-0.3711821807779323,medium,0.6444252486920624
37,8,17,0.10526315789473684,8.110466321051618e-37,0.015683835958960154,-1.829217370855842e-31,-0.09466077726194484,medium,0.7345139991717851
38,8,18,0.05263157894736842,5.9372264768159415e-43,0.0004280662061921046,-4.055233160525092e-37,-0.007839989003240847,medium,0.6187303323633024
39,8,19,0.0,1.4351876331745702e-49,3.857952478459091e-06,-5.937225041628308e-43,-0.0004242082537136455,medium,0.5161152829697908
40,8,0,1.0,3.85795247845909e-06,1.4351876331745704e-49,0.0004242082537136424,5.937225041628139e-43,large,-0.1390845681542319
41,8,1,0.9473684210526315,0.0004280662061921015,5.937226476815773e-43,0.007839989003240847,4.0552331605250924e-37,large,0.1305809812247665
42,8,2,0.8947368421052632,0.015683835958960154,8.11046632105162e-37,0.09466077726194468,1.8292173708558423e-31,large,1.624736861159107
43,8,3,0.8421052631578947,0.18974962073008145,3.658434741717622e-31,0.371182180777932,2.724595794762845e-26,large,1.8508444380079208
44,8,4,0.7894736842105263,0.7580481975148242,5.449191589606794e-26,0.40512518963495925,1.3400658030983542e-21,large,1.5987602867946566
45,8,5,0.7368421052631579,1.0,2.680131606562552e-21,-0.1612228012807434,2.1763936221812155e-17,large,1.1616157916765115
46,8,6,0.6842105263157895,0.4356025949533374,4.352787249811623e-17,-0.46867160120514767,1.167175165140125e-13,large,0.512601435320095
47,8,7,0.631578947368421,0.06265679758970469,2.3343503570815663e-13,-0.21631329651426595,2.0669114597562207e-10,large,-1.2784187471417188
48,8,8,0.5789473684210527,0.0029760019248055093,4.1338233547911664e-10,-0.03130506123185124,1.2086335705923708e-07,large,-2.0942685945197543
49,8,9,0.5263157894736842,4.6675126002199454e-05,2.4172694755350985e-07,-0.0014878800989289779,2.3337356309931786e-05,large,-0.7995679023990243
50,8,10,0.47368421052631576,2.41726947553512e-07,4.667512600219905e-05,-2.333735630993199e-05,0.0014878800989289692,large,-0.588613068347697
51,8,11,0.42105263157894735,4.133823354791225e-10,0.002976001924805492,-1.2086335705923816e-07,0.03130506123185125,large,-1.449946227347828
52,8,12,0.3684210526315789,2.3343503570815663e-13,0.0626567975897047,-2.06691145975625e-10,0.21631329651426598,large,-0.776603781422207
53,8,13,0.3157894736842105,4.352787249811622e-17,0.4356025949533375,-1.167175165140125e-13,0.46867160120514767,large,0.6353294240739064
54,8,14,0.2631578947368421,2.6801316065625515e-21,1.0,-2.1763936221812152e-17,0.16122280128074365,large,0.7067585417509142
55,8,15,0.21052631578947367,5.44919158960687e-26,0.7580481975148248,-1.340065803098354e-21,-0.40512518963495914,large,0.5420848148065761
56,8,16,0.15789473684210525,3.658434741717621e-31,0.18974962073008178,-2.724595794762883e-26,-0.3711821807779323,large,0.5755947216003556
57,8,17,0.10526315789473684,8.110466321051618e-37,0.015683835958960154,-1.829217370855842e-31,-0.09466077726194484,large,0.3783904250835886
58,8,18,0.05263157894736842,5.9372264768159415e-43,0.0004280662061921046,-4.055233160525092e-37,-0.007839989003240847,large,-0.4565068496027706
59,8,19,0.0,1.4351876331745702e-49,3.857952478459091e-06,-5.937225041628308e-43,-0.0004242082537136455,large,-0.5769488268201834
0,10,0,1.0,3.85795247845909e-06,1.4351876331745704e-49,0.0004242082537136424,5.937225041628139e-43,center,2.366752116662864
1,10,1,0.9473684210526315,0.0004280662061921015,5.937226476815773e-43,0.007839989003240847,4.0552331605250924e-37,center,2.5631656840067643
2,10,2,0.8947368421052632,0.015683835958960154,8.11046632105162e-37,0.09466077726194468,1.8292173708558423e-31,center,2.1216486298111548
3,10,3,0.8421052631578947,0.18974962073008145,3.658434741717622e-31,0.371182180777932,2.724595794762845e-26,center,1.83189081763256
4,10,4,0.7894736842105263,0.7580481975148242,5.449191589606794e-26,0.40512518963495925,1.3400658030983542e-21,center,1.650922311838221
5,10,5,0.7368421052631579,1.0,2.680131606562552e-21,-0.1612228012807434,2.1763936221812155e-17,center,1.656632782133881
6,10,6,0.6842105263157895,0.4356025949533374,4.352787249811623e-17,-0.46867160120514767,1.167175165140125e-13,center,1.6658823905351867
7,10,7,0.631578947368421,0.06265679758970469,2.3343503570815663e-13,-0.21631329651426595,2.0669114597562207e-10,center,1.642831372850604
8,10,8,0.5789473684210527,0.0029760019248055093,4.1338233547911664e-10,-0.03130506123185124,1.2086335705923708e-07,center,1.70370249360049
9,10,9,0.5263157894736842,4.6675126002199454e-05,2.4172694755350985e-07,-0.0014878800989289779,2.3337356309931786e-05,center,1.7929148450885792
10,10,10,0.47368421052631576,2.41726947553512e-07,4.667512600219905e-05,-2.333735630993199e-05,0.0014878800989289692,center,1.4810905663846
11,10,11,0.42105263157894735,4.133823354791225e-10,0.002976001924805492,-1.2086335705923816e-07,0.03130506123185125,center,0.7903205140225813
12,10,12,0.3684210526315789,2.3343503570815663e-13,0.0626567975897047,-2.06691145975625e-10,0.21631329651426598,center,0.1030621837371275
13,10,13,0.3157894736842105,4.352787249811622e-17,0.4356025949533375,-1.167175165140125e-13,0.46867160120514767,center,0.0361485528444351
14,10,14,0.2631578947368421,2.6801316065625515e-21,1.0,-2.1763936221812152e-17,0.16122280128074365,center,0.3399685045910423
15,10,15,0.21052631578947367,5.44919158960687e-26,0.7580481975148248,-1.340065803098354e-21,-0.40512518963495914,center,0.6575499611633692
16,10,16,0.15789473684210525,3.658434741717621e-31,0.18974962073008178,-2.724595794762883e-26,-0.3711821807779323,center,0.6316887886770657
17,10,17,0.10526315789473684,8.110466321051618e-37,0.015683835958960154,-1.829217370855842e-31,-0.09466077726194484,center,0.5500986814946893
18,10,18,0.05263157894736842,5.9372264768159415e-43,0.0004280662061921046,-4.055233160525092e-37,-0.007839989003240847,center,0.5396618951589429
19,10,19,0.0,1.4351876331745702e-49,3.857952478459091e-06,-5.937225041628308e-43,-0.0004242082537136455,center,0.5846901541432368
20,10,0,1.0,3.85795247845909e-06,1.4351876331745704e-49,0.0004242082537136424,5.937225041628139e-43,medium,0.2386467722883798
21,10,1,0.9473684210526315,0.0004280662061921015,5.937226476815773e-43,0.007839989003240847,4.0552331605250924e-37,medium,0.30077580595469
22,10,2,0.8947368421052632,0.015683835958960154,8.11046632105162e-37,0.09466077726194468,1.8292173708558423e-31,medium,0.2401373247482638
23,10,3,0.8421052631578947,0.18974962073008145,3.658434741717622e-31,0.371182180777932,2.724595794762845e-26,medium,0.1467708861283621
24,10,4,0.7894736842105263,0.7580481975148242,5.449191589606794e-26,0.40512518963495925,1.3400658030983542e-21,medium,0.1868793160689449
25,10,5,0.7368421052631579,1.0,2.680131606562552e-21,-0.1612228012807434,2.1763936221812155e-17,medium,0.4974830760465736
26,10,6,0.6842105263157895,0.4356025949533374,4.352787249811623e-17,-0.46867160120514767,1.167175165140125e-13,medium,0.7435326837913333
27,10,7,0.631578947368421,0.06265679758970469,2.3343503570815663e-13,-0.21631329651426595,2.0669114597562207e-10,medium,0.7106429952529892
28,10,8,0.5789473684210527,0.0029760019248055093,4.1338233547911664e-10,-0.03130506123185124,1.2086335705923708e-07,medium,0.2898686686004569
29,10,9,0.5263157894736842,4.6675126002199454e-05,2.4172694755350985e-07,-0.0014878800989289779,2.3337356309931786e-05,medium,-0.1766803539107796
30,10,10,0.47368421052631576,2.41726947553512e-07,4.667512600219905e-05,-2.333735630993199e-05,0.0014878800989289692,medium,-0.2910849794562131
31,10,11,0.42105263157894735,4.133823354791225e-10,0.002976001924805492,-1.2086335705923816e-07,0.03130506123185125,medium,-0.0530106682890658
32,10,12,0.3684210526315789,2.3343503570815663e-13,0.0626567975897047,-2.06691145975625e-10,0.21631329651426598,medium,0.1523779548259697
33,10,13,0.3157894736842105,4.352787249811622e-17,0.4356025949533375,-1.167175165140125e-13,0.46867160120514767,medium,0.324182512267103
34,10,14,0.2631578947368421,2.6801316065625515e-21,1.0,-2.1763936221812152e-17,0.16122280128074365,medium,0.3318538305416552
35,10,15,0.21052631578947367,5.44919158960687e-26,0.7580481975148248,-1.340065803098354e-21,-0.40512518963495914,medium,0.3579749240847406
36,10,16,0.15789473684210525,3.658434741717621e-31,0.18974962073008178,-2.724595794762883e-26,-0.3711821807779323,medium,0.2411781844813185
37,10,17,0.10526315789473684,8.110466321051618e-37,0.015683835958960154,-1.829217370855842e-31,-0.09466077726194484,medium,0.1273414408177836
38,10,18,0.05263157894736842,5.9372264768159415e-43,0.0004280662061921046,-4.055233160525092e-37,-0.007839989003240847,medium,0.0031643116467729
39,10,19,0.0,1.4351876331745702e-49,3.857952478459091e-06,-5.937225041628308e-43,-0.0004242082537136455,medium,0.1296902862286041
40,10,0,1.0,3.85795247845909e-06,1.4351876331745704e-49,0.0004242082537136424,5.937225041628139e-43,large,0.6470692637797595
41,10,1,0.9473684210526315,0.0004280662061921015,5.937226476815773e-43,0.007839989003240847,4.0552331605250924e-37,large,0.9549916326813224
42,10,2,0.8947368421052632,0.015683835958960154,8.11046632105162e-37,0.09466077726194468,1.8292173708558423e-31,large,0.791252335029341
43,10,3,0.8421052631578947,0.18974962073008145,3.658434741717622e-31,0.371182180777932,2.724595794762845e-26,large,0.5153941644332958
44,10,4,0.7894736842105263,0.7580481975148242,5.449191589606794e-26,0.40512518963495925,1.3400658030983542e-21,large,0.1965000206856997
45,10,5,0.7368421052631579,1.0,2.680131606562552e-21,-0.1612228012807434,2.1763936221812155e-17,large,0.2239087149675065
46,10,6,0.6842105263157895,0.4356025949533374,4.352787249811623e-17,-0.46867160120514767,1.167175165140125e-13,large,0.2147825503856414
47,10,7,0.631578947368421,0.06265679758970469,2.3343503570815663e-13,-0.21631329651426595,2.0669114597562207e-10,large,0.0318788099382896
48,10,8,0.5789473684210527,0.0029760019248055093,4.1338233547911664e-10,-0.03130506123185124,1.2086335705923708e-07,large,-0.2297809352331093
49,10,9,0.5263157894736842,4.6675126002199454e-05,2.4172694755350985e-07,-0.0014878800989289779,2.3337356309931786e-05,large,-0.302888677421298
50,10,10,0.47368421052631576,2.41726947553512e-07,4.667512600219905e-05,-2.333735630993199e-05,0.0014878800989289692,large,-0.4557549729736566
51,10,11,0.42105263157894735,4.133823354791225e-10,0.002976001924805492,-1.2086335705923816e-07,0.03130506123185125,large,-0.6769218567454972
52,10,12,0.3684210526315789,2.3343503570815663e-13,0.0626567975897047,-2.06691145975625e-10,0.21631329651426598,large,-0.745728255528717
53,10,13,0.3157894736842105,4.352787249811622e-17,0.4356025949533375,-1.167175165140125e-13,0.46867160120514767,large,-0.4571610138151812
54,10,14,0.2631578947368421,2.6801316065625515e-21,1.0,-2.1763936221812152e-17,0.16122280128074365,large,-0.1455522612461478
55,10,15,0.21052631578947367,5.44919158960687e-26,0.7580481975148248,-1.340065803098354e-21,-0.40512518963495914,large,0.1114272786543897
56,10,16,0.15789473684210525,3.658434741717621e-31,0.18974962073008178,-2.724595794762883e-26,-0.3711821807779323,large,0.223351258254384
57,10,17,0.10526315789473684,8.110466321051618e-37,0.015683835958960154,-1.829217370855842e-31,-0.09466077726194484,large,0.249016115476374
58,10,18,0.05263157894736842,5.9372264768159415e-43,0.0004280662061921046,-4.055233160525092e-37,-0.007839989003240847,large,0.2385028204955249
59,10,19,0.0,1.4351876331745702e-49,3.857952478459091e-06,-5.937225041628308e-43,-0.0004242082537136455,large,0.1730521639250619
0,11,0,1.0,3.85795247845909e-06,1.4351876331745704e-49,0.0004242082537136424,5.937225041628139e-43,center,2.597183385116949
1,11,1,0.9473684210526315,0.0004280662061921015,5.937226476815773e-43,0.007839989003240847,4.0552331605250924e-37,center,2.714310803597721
2,11,2,0.8947368421052632,0.015683835958960154,8.11046632105162e-37,0.09466077726194468,1.8292173708558423e-31,center,2.314776755536474
3,11,3,0.8421052631578947,0.18974962073008145,3.658434741717622e-31,0.371182180777932,2.724595794762845e-26,center,2.067001832949896
4,11,4,0.7894736842105263,0.7580481975148242,5.449191589606794e-26,0.40512518963495925,1.3400658030983542e-21,center,1.8523901679359984
5,11,5,0.7368421052631579,1.0,2.680131606562552e-21,-0.1612228012807434,2.1763936221812155e-17,center,1.6330113724369195
6,11,6,0.6842105263157895,0.4356025949533374,4.352787249811623e-17,-0.46867160120514767,1.167175165140125e-13,center,1.4995424583455743
7,11,7,0.631578947368421,0.06265679758970469,2.3343503570815663e-13,-0.21631329651426595,2.0669114597562207e-10,center,1.5784723296255625
8,11,8,0.5789473684210527,0.0029760019248055093,4.1338233547911664e-10,-0.03130506123185124,1.2086335705923708e-07,center,1.7369833123682332
9,11,9,0.5263157894736842,4.6675126002199454e-05,2.4172694755350985e-07,-0.0014878800989289779,2.3337356309931786e-05,center,1.484726639776078
10,11,10,0.47368421052631576,2.41726947553512e-07,4.667512600219905e-05,-2.333735630993199e-05,0.0014878800989289692,center,0.9876306823437976
11,11,11,0.42105263157894735,4.133823354791225e-10,0.002976001924805492,-1.2086335705923816e-07,0.03130506123185125,center,0.5530516012466106
12,11,12,0.3684210526315789,2.3343503570815663e-13,0.0626567975897047,-2.06691145975625e-10,0.21631329651426598,center,0.5386705471149857
13,11,13,0.3157894736842105,4.352787249811622e-17,0.4356025949533375,-1.167175165140125e-13,0.46867160120514767,center,0.5949692191903506
14,11,14,0.2631578947368421,2.6801316065625515e-21,1.0,-2.1763936221812152e-17,0.16122280128074365,center,0.5451431859027801
15,11,15,0.21052631578947367,5.44919158960687e-26,0.7580481975148248,-1.340065803098354e-21,-0.40512518963495914,center,0.4519156800004911
16,11,16,0.15789473684210525,3.658434741717621e-31,0.18974962073008178,-2.724595794762883e-26,-0.3711821807779323,center,0.3580631977951614
17,11,17,0.10526315789473684,8.110466321051618e-37,0.015683835958960154,-1.829217370855842e-31,-0.09466077726194484,center,0.3606440134076718
18,11,18,0.05263157894736842,5.9372264768159415e-43,0.0004280662061921046,-4.055233160525092e-37,-0.007839989003240847,center,0.4343780883771181
19,11,19,0.0,1.4351876331745702e-49,3.857952478459091e-06,-5.937225041628308e-43,-0.0004242082537136455,center,0.4077579733090266
20,11,0,1.0,3.85795247845909e-06,1.4351876331745704e-49,0.0004242082537136424,5.937225041628139e-43,medium,-0.4756009708334142
21,11,1,0.9473684210526315,0.0004280662061921015,5.937226476815773e-43,0.007839989003240847,4.0552331605250924e-37,medium,-0.672765667728181
22,11,2,0.8947368421052632,0.015683835958960154,8.11046632105162e-37,0.09466077726194468,1.8292173708558423e-31,medium,-0.2629684629355342
23,11,3,0.8421052631578947,0.18974962073008145,3.658434741717622e-31,0.371182180777932,2.724595794762845e-26,medium,0.1141008543162354
24,11,4,0.7894736842105263,0.7580481975148242,5.449191589606794e-26,0.40512518963495925,1.3400658030983542e-21,medium,0.1759031947639946
25,11,5,0.7368421052631579,1.0,2.680131606562552e-21,-0.1612228012807434,2.1763936221812155e-17,medium,0.1614069829758431
26,11,6,0.6842105263157895,0.4356025949533374,4.352787249811623e-17,-0.46867160120514767,1.167175165140125e-13,medium,0.1023638249549649
27,11,7,0.631578947368421,0.06265679758970469,2.3343503570815663e-13,-0.21631329651426595,2.0669114597562207e-10,medium,0.0183097321563013
28,11,8,0.5789473684210527,0.0029760019248055093,4.1338233547911664e-10,-0.03130506123185124,1.2086335705923708e-07,medium,-0.1045967669302492
29,11,9,0.5263157894736842,4.6675126002199454e-05,2.4172694755350985e-07,-0.0014878800989289779,2.3337356309931786e-05,medium,0.0529275436120971
30,11,10,0.47368421052631576,2.41726947553512e-07,4.667512600219905e-05,-2.333735630993199e-05,0.0014878800989289692,medium,0.4588647722637372
31,11,11,0.42105263157894735,4.133823354791225e-10,0.002976001924805492,-1.2086335705923816e-07,0.03130506123185125,medium,0.8202924344880089
32,11,12,0.3684210526315789,2.3343503570815663e-13,0.0626567975897047,-2.06691145975625e-10,0.21631329651426598,medium,0.595468665892763
33,11,13,0.3157894736842105,4.352787249811622e-17,0.4356025949533375,-1.167175165140125e-13,0.46867160120514767,medium,0.3085837266703183
34,11,14,0.2631578947368421,2.6801316065625515e-21,1.0,-2.1763936221812152e-17,0.16122280128074365,medium,0.2233505310525597
35,11,15,0.21052631578947367,5.44919158960687e-26,0.7580481975148248,-1.340065803098354e-21,-0.40512518963495914,medium,0.2837688564268408
36,11,16,0.15789473684210525,3.658434741717621e-31,0.18974962073008178,-2.724595794762883e-26,-0.3711821807779323,medium,0.4616322617446211
37,11,17,0.10526315789473684,8.110466321051618e-37,0.015683835958960154,-1.829217370855842e-31,-0.09466077726194484,medium,0.6585548499095318
38,11,18,0.05263157894736842,5.9372264768159415e-43,0.0004280662061921046,-4.055233160525092e-37,-0.007839989003240847,medium,0.8451370642651872
39,11,19,0.0,1.4351876331745702e-49,3.857952478459091e-06,-5.937225041628308e-43,-0.0004242082537136455,medium,0.736991545052258
40,11,0,1.0,3.85795247845909e-06,1.4351876331745704e-49,0.0004242082537136424,5.937225041628139e-43,large,-0.1044310932473685
41,11,1,0.9473684210526315,0.0004280662061921015,5.937226476815773e-43,0.007839989003240847,4.0552331605250924e-37,large,-0.162898537656313
42,11,2,0.8947368421052632,0.015683835958960154,8.11046632105162e-37,0.09466077726194468,1.8292173708558423e-31,large,0.1726034712991184
43,11,3,0.8421052631578947,0.18974962073008145,3.658434741717622e-31,0.371182180777932,2.724595794762845e-26,large,0.3959866565166447
44,11,4,0.7894736842105263,0.7580481975148242,5.449191589606794e-26,0.40512518963495925,1.3400658030983542e-21,large,0.5563619901830569
45,11,5,0.7368421052631579,1.0,2.680131606562552e-21,-0.1612228012807434,2.1763936221812155e-17,large,0.7391279499837471
46,11,6,0.6842105263157895,0.4356025949533374,4.352787249811623e-17,-0.46867160120514767,1.167175165140125e-13,large,0.7104827788298691
47,11,7,0.631578947368421,0.06265679758970469,2.3343503570815663e-13,-0.21631329651426595,2.0669114597562207e-10,large,0.0706494554060727
48,11,8,0.5789473684210527,0.0029760019248055093,4.1338233547911664e-10,-0.03130506123185124,1.2086335705923708e-07,large,-0.4909462187967593
49,11,9,0.5263157894736842,4.6675126002199454e-05,2.4172694755350985e-07,-0.0014878800989289779,2.3337356309931786e-05,large,-0.4721294934380801
50,11,10,0.47368421052631576,2.41726947553512e-07,4.667512600219905e-05,-2.333735630993199e-05,0.0014878800989289692,large,-0.3821402535065971
51,11,11,0.42105263157894735,4.133823354791225e-10,0.002976001924805492,-1.2086335705923816e-07,0.03130506123185125,large,-0.3282066820018164
52,11,12,0.3684210526315789,2.3343503570815663e-13,0.0626567975897047,-2.06691145975625e-10,0.21631329651426598,large,-0.0861104499075071
53,11,13,0.3157894736842105,4.352787249811622e-17,0.4356025949533375,-1.167175165140125e-13,0.46867160120514767,large,0.2494961992016989
54,11,14,0.2631578947368421,2.6801316065625515e-21,1.0,-2.1763936221812152e-17,0.16122280128074365,large,0.2270431023546074
55,11,15,0.21052631578947367,5.44919158960687e-26,0.7580481975148248,-1.340065803098354e-21,-0.40512518963495914,large,0.0717906229064358
56,11,16,0.15789473684210525,3.658434741717621e-31,0.18974962073008178,-2.724595794762883e-26,-0.3711821807779323,large,-0.0195455938342768
57,11,17,0.10526315789473684,8.110466321051618e-37,0.015683835958960154,-1.829217370855842e-31,-0.09466077726194484,large,0.1051646211423966
58,11,18,0.05263157894736842,5.9372264768159415e-43,0.0004280662061921046,-4.055233160525092e-37,-0.007839989003240847,large,0.1936966062967489
59,11,19,0.0,1.4351876331745702e-49,3.857952478459091e-06,-5.937225041628308e-43,-0.0004242082537136455,large,0.1113440240113057
0,13,0,1.0,3.85795247845909e-06,1.4351876331745704e-49,0.0004242082537136424,5.937225041628139e-43,center,3.28514874284168
1,13,1,0.9473684210526315,0.0004280662061921015,5.937226476815773e-43,0.007839989003240847,4.0552331605250924e-37,center,3.327475443609658
2,13,2,0.8947368421052632,0.015683835958960154,8.11046632105162e-37,0.09466077726194468,1.8292173708558423e-31,center,3.11299188869389
3,13,3,0.8421052631578947,0.18974962073008145,3.658434741717622e-31,0.371182180777932,2.724595794762845e-26,center,2.9949965267673324
4,13,4,0.7894736842105263,0.7580481975148242,5.449191589606794e-26,0.40512518963495925,1.3400658030983542e-21,center,2.659564193391544
5,13,5,0.7368421052631579,1.0,2.680131606562552e-21,-0.1612228012807434,2.1763936221812155e-17,center,2.3279499673524517
6,13,6,0.6842105263157895,0.4356025949533374,4.352787249811623e-17,-0.46867160120514767,1.167175165140125e-13,center,1.8330037697055956
7,13,7,0.631578947368421,0.06265679758970469,2.3343503570815663e-13,-0.21631329651426595,2.0669114597562207e-10,center,1.2935292429009335
8,13,8,0.5789473684210527,0.0029760019248055093,4.1338233547911664e-10,-0.03130506123185124,1.2086335705923708e-07,center,1.131204899280265
9,13,9,0.5263157894736842,4.6675126002199454e-05,2.4172694755350985e-07,-0.0014878800989289779,2.3337356309931786e-05,center,1.1116714802003034
10,13,10,0.47368421052631576,2.41726947553512e-07,4.667512600219905e-05,-2.333735630993199e-05,0.0014878800989289692,center,1.0276592256045267
11,13,11,0.42105263157894735,4.133823354791225e-10,0.002976001924805492,-1.2086335705923816e-07,0.03130506123185125,center,0.9012590793712032
12,13,12,0.3684210526315789,2.3343503570815663e-13,0.0626567975897047,-2.06691145975625e-10,0.21631329651426598,center,0.6799416696261249
13,13,13,0.3157894736842105,4.352787249811622e-17,0.4356025949533375,-1.167175165140125e-13,0.46867160120514767,center,0.2733887200410014
14,13,14,0.2631578947368421,2.6801316065625515e-21,1.0,-2.1763936221812152e-17,0.16122280128074365,center,-0.0493503044507371
15,13,15,0.21052631578947367,5.44919158960687e-26,0.7580481975148248,-1.340065803098354e-21,-0.40512518963495914,center,-0.0446843772928565
16,13,16,0.15789473684210525,3.658434741717621e-31,0.18974962073008178,-2.724595794762883e-26,-0.3711821807779323,center,-0.0621543619860144
17,13,17,0.10526315789473684,8.110466321051618e-37,0.015683835958960154,-1.829217370855842e-31,-0.09466077726194484,center,-0.2604711094195526
18,13,18,0.05263157894736842,5.9372264768159415e-43,0.0004280662061921046,-4.055233160525092e-37,-0.007839989003240847,center,-0.4301840351211294
19,13,19,0.0,1.4351876331745702e-49,3.857952478459091e-06,-5.937225041628308e-43,-0.0004242082537136455,center,-0.4023174147388213
20,13,0,1.0,3.85795247845909e-06,1.4351876331745704e-49,0.0004242082537136424,5.937225041628139e-43,medium,0.0223618072160154
21,13,1,0.9473684210526315,0.0004280662061921015,5.937226476815773e-43,0.007839989003240847,4.0552331605250924e-37,medium,0.0575841871025533
22,13,2,0.8947368421052632,0.015683835958960154,8.11046632105162e-37,0.09466077726194468,1.8292173708558423e-31,medium,-0.0745817863994943
23,13,3,0.8421052631578947,0.18974962073008145,3.658434741717622e-31,0.371182180777932,2.724595794762845e-26,medium,-0.1438492730013931
24,13,4,0.7894736842105263,0.7580481975148242,5.449191589606794e-26,0.40512518963495925,1.3400658030983542e-21,medium,0.3393258191861305
25,13,5,0.7368421052631579,1.0,2.680131606562552e-21,-0.1612228012807434,2.1763936221812155e-17,medium,0.876061676724061
26,13,6,0.6842105263157895,0.4356025949533374,4.352787249811623e-17,-0.46867160120514767,1.167175165140125e-13,medium,0.6711946853431104
27,13,7,0.631578947368421,0.06265679758970469,2.3343503570815663e-13,-0.21631329651426595,2.0669114597562207e-10,medium,0.341468797999884
28,13,8,0.5789473684210527,0.0029760019248055093,4.1338233547911664e-10,-0.03130506123185124,1.2086335705923708e-07,medium,-0.0135046090151018
29,13,9,0.5263157894736842,4.6675126002199454e-05,2.4172694755350985e-07,-0.0014878800989289779,2.3337356309931786e-05,medium,-0.409020133628739
30,13,10,0.47368421052631576,2.41726947553512e-07,4.667512600219905e-05,-2.333735630993199e-05,0.0014878800989289692,medium,-0.3624802619101213
31,13,11,0.42105263157894735,4.133823354791225e-10,0.002976001924805492,-1.2086335705923816e-07,0.03130506123185125,medium,0.1264495388648943
32,13,12,0.3684210526315789,2.3343503570815663e-13,0.0626567975897047,-2.06691145975625e-10,0.21631329651426598,medium,0.4197628850168858
33,13,13,0.3157894736842105,4.352787249811622e-17,0.4356025949533375,-1.167175165140125e-13,0.46867160120514767,medium,0.2273948247406528
34,13,14,0.2631578947368421,2.6801316065625515e-21,1.0,-2.1763936221812152e-17,0.16122280128074365,medium,-0.1134590421378178
35,13,15,0.21052631578947367,5.44919158960687e-26,0.7580481975148248,-1.340065803098354e-21,-0.40512518963495914,medium,0.0990934439135184
36,13,16,0.15789473684210525,3.658434741717621e-31,0.18974962073008178,-2.724595794762883e-26,-0.3711821807779323,medium,0.4492243195938948
37,13,17,0.10526315789473684,8.110466321051618e-37,0.015683835958960154,-1.829217370855842e-31,-0.09466077726194484,medium,0.6156236165261865
38,13,18,0.05263157894736842,5.9372264768159415e-43,0.0004280662061921046,-4.055233160525092e-37,-0.007839989003240847,medium,0.7190445535847712
39,13,19,0.0,1.4351876331745702e-49,3.857952478459091e-06,-5.937225041628308e-43,-0.0004242082537136455,medium,0.6540299223979917
40,13,0,1.0,3.85795247845909e-06,1.4351876331745704e-49,0.0004242082537136424,5.937225041628139e-43,large,0.0115371965406265
41,13,1,0.9473684210526315,0.0004280662061921015,5.937226476815773e-43,0.007839989003240847,4.0552331605250924e-37,large,-0.0261777345429549
42,13,2,0.8947368421052632,0.015683835958960154,8.11046632105162e-37,0.09466077726194468,1.8292173708558423e-31,large,0.4312971749357248
43,13,3,0.8421052631578947,0.18974962073008145,3.658434741717622e-31,0.371182180777932,2.724595794762845e-26,large,0.7321793022742783
44,13,4,0.7894736842105263,0.7580481975148242,5.449191589606794e-26,0.40512518963495925,1.3400658030983542e-21,large,0.6724800509527493
45,13,5,0.7368421052631579,1.0,2.680131606562552e-21,-0.1612228012807434,2.1763936221812155e-17,large,0.6101032702802283
46,13,6,0.6842105263157895,0.4356025949533374,4.352787249811623e-17,-0.46867160120514767,1.167175165140125e-13,large,0.147572072594619
47,13,7,0.631578947368421,0.06265679758970469,2.3343503570815663e-13,-0.21631329651426595,2.0669114597562207e-10,large,-0.4229074184082802
48,13,8,0.5789473684210527,0.0029760019248055093,4.1338233547911664e-10,-0.03130506123185124,1.2086335705923708e-07,large,-0.5614628014855831
49,13,9,0.5263157894736842,4.6675126002199454e-05,2.4172694755350985e-07,-0.0014878800989289779,2.3337356309931786e-05,large,-0.3754328897011326
50,13,10,0.47368421052631576,2.41726947553512e-07,4.667512600219905e-05,-2.333735630993199e-05,0.0014878800989289692,large,-0.140329365725098
51,13,11,0.42105263157894735,4.133823354791225e-10,0.002976001924805492,-1.2086335705923816e-07,0.03130506123185125,large,0.1553055961837212
52,13,12,0.3684210526315789,2.3343503570815663e-13,0.0626567975897047,-2.06691145975625e-10,0.21631329651426598,large,0.4523688150913597
53,13,13,0.3157894736842105,4.352787249811622e-17,0.4356025949533375,-1.167175165140125e-13,0.46867160120514767,large,0.4505178595940323
54,13,14,0.2631578947368421,2.6801316065625515e-21,1.0,-2.1763936221812152e-17,0.16122280128074365,large,0.3286199988773777
55,13,15,0.21052631578947367,5.44919158960687e-26,0.7580481975148248,-1.340065803098354e-21,-0.40512518963495914,large,0.2116284252006465
56,13,16,0.15789473684210525,3.658434741717621e-31,0.18974962073008178,-2.724595794762883e-26,-0.3711821807779323,large,0.068604995498519
57,13,17,0.10526315789473684,8.110466321051618e-37,0.015683835958960154,-1.829217370855842e-31,-0.09466077726194484,large,-0.2022229629429863
58,13,18,0.05263157894736842,5.9372264768159415e-43,0.0004280662061921046,-4.055233160525092e-37,-0.007839989003240847,large,-0.5240303156831025
59,13,19,0.0,1.4351876331745702e-49,3.857952478459091e-06,-5.937225041628308e-43,-0.0004242082537136455,large,-0.4623121137917617
0,14,0,1.0,3.85795247845909e-06,1.4351876331745704e-49,0.0004242082537136424,5.937225041628139e-43,center,1.7845459795751166
1,14,1,0.9473684210526315,0.0004280662061921015,5.937226476815773e-43,0.007839989003240847,4.0552331605250924e-37,center,2.0442449638096933
2,14,2,0.8947368421052632,0.015683835958960154,8.11046632105162e-37,0.09466077726194468,1.8292173708558423e-31,center,1.7659530832242605
3,14,3,0.8421052631578947,0.18974962073008145,3.658434741717622e-31,0.371182180777932,2.724595794762845e-26,center,1.4362277493534326
4,14,4,0.7894736842105263,0.7580481975148242,5.449191589606794e-26,0.40512518963495925,1.3400658030983542e-21,center,1.16542054748059
5,14,5,0.7368421052631579,1.0,2.680131606562552e-21,-0.1612228012807434,2.1763936221812155e-17,center,0.8984314134744318
6,14,6,0.6842105263157895,0.4356025949533374,4.352787249811623e-17,-0.46867160120514767,1.167175165140125e-13,center,0.8269558216472395
7,14,7,0.631578947368421,0.06265679758970469,2.3343503570815663e-13,-0.21631329651426595,2.0669114597562207e-10,center,0.912742215831167
8,14,8,0.5789473684210527,0.0029760019248055093,4.1338233547911664e-10,-0.03130506123185124,1.2086335705923708e-07,center,1.0781096796077163
9,14,9,0.5263157894736842,4.6675126002199454e-05,2.4172694755350985e-07,-0.0014878800989289779,2.3337356309931786e-05,center,1.2718183842282502
10,14,10,0.47368421052631576,2.41726947553512e-07,4.667512600219905e-05,-2.333735630993199e-05,0.0014878800989289692,center,1.242136943755353
11,14,11,0.42105263157894735,4.133823354791225e-10,0.002976001924805492,-1.2086335705923816e-07,0.03130506123185125,center,1.0111563808096395
12,14,12,0.3684210526315789,2.3343503570815663e-13,0.0626567975897047,-2.06691145975625e-10,0.21631329651426598,center,0.7836874624665111
13,14,13,0.3157894736842105,4.352787249811622e-17,0.4356025949533375,-1.167175165140125e-13,0.46867160120514767,center,0.6268983152997932
14,14,14,0.2631578947368421,2.6801316065625515e-21,1.0,-2.1763936221812152e-17,0.16122280128074365,center,0.7302170581811338
15,14,15,0.21052631578947367,5.44919158960687e-26,0.7580481975148248,-1.340065803098354e-21,-0.40512518963495914,center,1.0420410519945271
16,14,16,0.15789473684210525,3.658434741717621e-31,0.18974962073008178,-2.724595794762883e-26,-0.3711821807779323,center,1.3317293021473686
17,14,17,0.10526315789473684,8.110466321051618e-37,0.015683835958960154,-1.829217370855842e-31,-0.09466077726194484,center,1.6533177905153804
18,14,18,0.05263157894736842,5.9372264768159415e-43,0.0004280662061921046,-4.055233160525092e-37,-0.007839989003240847,center,1.725657150431114
19,14,19,0.0,1.4351876331745702e-49,3.857952478459091e-06,-5.937225041628308e-43,-0.0004242082537136455,center,1.3793319525446763
20,14,0,1.0,3.85795247845909e-06,1.4351876331745704e-49,0.0004242082537136424,5.937225041628139e-43,medium,0.6343420660362591
21,14,1,0.9473684210526315,0.0004280662061921015,5.937226476815773e-43,0.007839989003240847,4.0552331605250924e-37,medium,0.7389197553055681
22,14,2,0.8947368421052632,0.015683835958960154,8.11046632105162e-37,0.09466077726194468,1.8292173708558423e-31,medium,0.7456937689380476
23,14,3,0.8421052631578947,0.18974962073008145,3.658434741717622e-31,0.371182180777932,2.724595794762845e-26,medium,0.6195090813820163
24,14,4,0.7894736842105263,0.7580481975148242,5.449191589606794e-26,0.40512518963495925,1.3400658030983542e-21,medium,0.5676351336361916
25,14,5,0.7368421052631579,1.0,2.680131606562552e-21,-0.1612228012807434,2.1763936221812155e-17,medium,0.5693219516728705
26,14,6,0.6842105263157895,0.4356025949533374,4.352787249811623e-17,-0.46867160120514767,1.167175165140125e-13,medium,0.459661233263524
27,14,7,0.631578947368421,0.06265679758970469,2.3343503570815663e-13,-0.21631329651426595,2.0669114597562207e-10,medium,0.218174707123038
28,14,8,0.5789473684210527,0.0029760019248055093,4.1338233547911664e-10,-0.03130506123185124,1.2086335705923708e-07,medium,-0.0621642908150756
29,14,9,0.5263157894736842,4.6675126002199454e-05,2.4172694755350985e-07,-0.0014878800989289779,2.3337356309931786e-05,medium,-0.3882780617651533
30,14,10,0.47368421052631576,2.41726947553512e-07,4.667512600219905e-05,-2.333735630993199e-05,0.0014878800989289692,medium,-0.4060255613000513
31,14,11,0.42105263157894735,4.133823354791225e-10,0.002976001924805492,-1.2086335705923816e-07,0.03130506123185125,medium,-0.1150724505418775
32,14,12,0.3684210526315789,2.3343503570815663e-13,0.0626567975897047,-2.06691145975625e-10,0.21631329651426598,medium,0.1431950082314316
33,14,13,0.3157894736842105,4.352787249811622e-17,0.4356025949533375,-1.167175165140125e-13,0.46867160120514767,medium,0.3394012453210082
34,14,14,0.2631578947368421,2.6801316065625515e-21,1.0,-2.1763936221812152e-17,0.16122280128074365,medium,0.2376998143626763
35,14,15,0.21052631578947367,5.44919158960687e-26,0.7580481975148248,-1.340065803098354e-21,-0.40512518963495914,medium,0.0364942871897031
36,14,16,0.15789473684210525,3.658434741717621e-31,0.18974962073008178,-2.724595794762883e-26,-0.3711821807779323,medium,-0.0271329978099345
37,14,17,0.10526315789473684,8.110466321051618e-37,0.015683835958960154,-1.829217370855842e-31,-0.09466077726194484,medium,-0.0113012915994281
38,14,18,0.05263157894736842,5.9372264768159415e-43,0.0004280662061921046,-4.055233160525092e-37,-0.007839989003240847,medium,0.0865386655155932
39,14,19,0.0,1.4351876331745702e-49,3.857952478459091e-06,-5.937225041628308e-43,-0.0004242082537136455,medium,0.1151129079714761
40,14,0,1.0,3.85795247845909e-06,1.4351876331745704e-49,0.0004242082537136424,5.937225041628139e-43,large,0.2187307168761739
41,14,1,0.9473684210526315,0.0004280662061921015,5.937226476815773e-43,0.007839989003240847,4.0552331605250924e-37,large,0.1528473913904277
42,14,2,0.8947368421052632,0.015683835958960154,8.11046632105162e-37,0.09466077726194468,1.8292173708558423e-31,large,0.3160619366700206
43,14,3,0.8421052631578947,0.18974962073008145,3.658434741717622e-31,0.371182180777932,2.724595794762845e-26,large,0.4607171794079425
44,14,4,0.7894736842105263,0.7580481975148242,5.449191589606794e-26,0.40512518963495925,1.3400658030983542e-21,large,0.4671599454272159
45,14,5,0.7368421052631579,1.0,2.680131606562552e-21,-0.1612228012807434,2.1763936221812155e-17,large,0.4709251620874912
46,14,6,0.6842105263157895,0.4356025949533374,4.352787249811623e-17,-0.46867160120514767,1.167175165140125e-13,large,0.3160138168434878
47,14,7,0.631578947368421,0.06265679758970469,2.3343503570815663e-13,-0.21631329651426595,2.0669114597562207e-10,large,-0.0475982431458098
48,14,8,0.5789473684210527,0.0029760019248055093,4.1338233547911664e-10,-0.03130506123185124,1.2086335705923708e-07,large,-0.3329726494289312
49,14,9,0.5263157894736842,4.6675126002199454e-05,2.4172694755350985e-07,-0.0014878800989289779,2.3337356309931786e-05,large,-0.4297951022238006
50,14,10,0.47368421052631576,2.41726947553512e-07,4.667512600219905e-05,-2.333735630993199e-05,0.0014878800989289692,large,-0.460557499282743
51,14,11,0.42105263157894735,4.133823354791225e-10,0.002976001924805492,-1.2086335705923816e-07,0.03130506123185125,large,-0.4138019279586629
52,14,12,0.3684210526315789,2.3343503570815663e-13,0.0626567975897047,-2.06691145975625e-10,0.21631329651426598,large,-0.2146857955373503
53,14,13,0.3157894736842105,4.352787249811622e-17,0.4356025949533375,-1.167175165140125e-13,0.46867160120514767,large,0.0779406426312858
54,14,14,0.2631578947368421,2.6801316065625515e-21,1.0,-2.1763936221812152e-17,0.16122280128074365,large,0.2025766076057047
55,14,15,0.21052631578947367,5.44919158960687e-26,0.7580481975148248,-1.340065803098354e-21,-0.40512518963495914,large,0.2281418699205853
56,14,16,0.15789473684210525,3.658434741717621e-31,0.18974962073008178,-2.724595794762883e-26,-0.3711821807779323,large,0.2276752719346598
57,14,17,0.10526315789473684,8.110466321051618e-37,0.015683835958960154,-1.829217370855842e-31,-0.09466077726194484,large,0.1734106213698729
58,14,18,0.05263157894736842,5.9372264768159415e-43,0.0004280662061921046,-4.055233160525092e-37,-0.007839989003240847,large,0.0715593135166972
59,14,19,0.0,1.4351876331745702e-49,3.857952478459091e-06,-5.937225041628308e-43,-0.0004242082537136455,large,0.0729898976387161
0,15,0,1.0,3.85795247845909e-06,1.4351876331745704e-49,0.0004242082537136424,5.937225041628139e-43,center,2.8140123264923824
1,15,1,0.9473684210526315,0.0004280662061921015,5.937226476815773e-43,0.007839989003240847,4.0552331605250924e-37,center,3.0455370810268043
2,15,2,0.8947368421052632,0.015683835958960154,8.11046632105162e-37,0.09466077726194468,1.8292173708558423e-31,center,2.417208389682183
3,15,3,0.8421052631578947,0.18974962073008145,3.658434741717622e-31,0.371182180777932,2.724595794762845e-26,center,1.9406389516508744
4,15,4,0.7894736842105263,0.7580481975148242,5.449191589606794e-26,0.40512518963495925,1.3400658030983542e-21,center,1.679447566817747
5,15,5,0.7368421052631579,1.0,2.680131606562552e-21,-0.1612228012807434,2.1763936221812155e-17,center,1.4742275951079236
6,15,6,0.6842105263157895,0.4356025949533374,4.352787249811623e-17,-0.46867160120514767,1.167175165140125e-13,center,1.2916352697352156
7,15,7,0.631578947368421,0.06265679758970469,2.3343503570815663e-13,-0.21631329651426595,2.0669114597562207e-10,center,1.1315961431304191
8,15,8,0.5789473684210527,0.0029760019248055093,4.1338233547911664e-10,-0.03130506123185124,1.2086335705923708e-07,center,1.0511381293720452
9,15,9,0.5263157894736842,4.6675126002199454e-05,2.4172694755350985e-07,-0.0014878800989289779,2.3337356309931786e-05,center,1.0826789469777514
10,15,10,0.47368421052631576,2.41726947553512e-07,4.667512600219905e-05,-2.333735630993199e-05,0.0014878800989289692,center,1.0436362015364906
11,15,11,0.42105263157894735,4.133823354791225e-10,0.002976001924805492,-1.2086335705923816e-07,0.03130506123185125,center,0.9143059115856484
12,15,12,0.3684210526315789,2.3343503570815663e-13,0.0626567975897047,-2.06691145975625e-10,0.21631329651426598,center,0.7467602626304934
13,15,13,0.3157894736842105,4.352787249811622e-17,0.4356025949533375,-1.167175165140125e-13,0.46867160120514767,center,0.6498944086887382
14,15,14,0.2631578947368421,2.6801316065625515e-21,1.0,-2.1763936221812152e-17,0.16122280128074365,center,0.6124260471593189
15,15,15,0.21052631578947367,5.44919158960687e-26,0.7580481975148248,-1.340065803098354e-21,-0.40512518963495914,center,0.5867302826870726
16,15,16,0.15789473684210525,3.658434741717621e-31,0.18974962073008178,-2.724595794762883e-26,-0.3711821807779323,center,0.5401655045483321
17,15,17,0.10526315789473684,8.110466321051618e-37,0.015683835958960154,-1.829217370855842e-31,-0.09466077726194484,center,0.5293012397557826
18,15,18,0.05263157894736842,5.9372264768159415e-43,0.0004280662061921046,-4.055233160525092e-37,-0.007839989003240847,center,0.5895902687336159
19,15,19,0.0,1.4351876331745702e-49,3.857952478459091e-06,-5.937225041628308e-43,-0.0004242082537136455,center,0.5696927190585617
20,15,0,1.0,3.85795247845909e-06,1.4351876331745704e-49,0.0004242082537136424,5.937225041628139e-43,medium,0.2097127879883444
21,15,1,0.9473684210526315,0.0004280662061921015,5.937226476815773e-43,0.007839989003240847,4.0552331605250924e-37,medium,0.2659855555705229
22,15,2,0.8947368421052632,0.015683835958960154,8.11046632105162e-37,0.09466077726194468,1.8292173708558423e-31,medium,0.1689077913805908
23,15,3,0.8421052631578947,0.18974962073008145,3.658434741717622e-31,0.371182180777932,2.724595794762845e-26,medium,0.039102214227682
24,15,4,0.7894736842105263,0.7580481975148242,5.449191589606794e-26,0.40512518963495925,1.3400658030983542e-21,medium,0.1181708470550617
25,15,5,0.7368421052631579,1.0,2.680131606562552e-21,-0.1612228012807434,2.1763936221812155e-17,medium,0.2956546658273012
26,15,6,0.6842105263157895,0.4356025949533374,4.352787249811623e-17,-0.46867160120514767,1.167175165140125e-13,medium,0.4236942544919419
27,15,7,0.631578947368421,0.06265679758970469,2.3343503570815663e-13,-0.21631329651426595,2.0669114597562207e-10,medium,0.5120309646023116
28,15,8,0.5789473684210527,0.0029760019248055093,4.1338233547911664e-10,-0.03130506123185124,1.2086335705923708e-07,medium,0.561515271683159
29,15,9,0.5263157894736842,4.6675126002199454e-05,2.4172694755350985e-07,-0.0014878800989289779,2.3337356309931786e-05,medium,0.2332935639848051
30,15,10,0.47368421052631576,2.41726947553512e-07,4.667512600219905e-05,-2.333735630993199e-05,0.0014878800989289692,medium,-0.0658942054603014
31,15,11,0.42105263157894735,4.133823354791225e-10,0.002976001924805492,-1.2086335705923816e-07,0.03130506123185125,medium,-0.0597978582510037
32,15,12,0.3684210526315789,2.3343503570815663e-13,0.0626567975897047,-2.06691145975625e-10,0.21631329651426598,medium,0.4094283043828339
33,15,13,0.3157894736842105,4.352787249811622e-17,0.4356025949533375,-1.167175165140125e-13,0.46867160120514767,medium,0.8165932255797453
34,15,14,0.2631578947368421,2.6801316065625515e-21,1.0,-2.1763936221812152e-17,0.16122280128074365,medium,0.5023446197173884
35,15,15,0.21052631578947367,5.44919158960687e-26,0.7580481975148248,-1.340065803098354e-21,-0.40512518963495914,medium,0.0260592160347515
36,15,16,0.15789473684210525,3.658434741717621e-31,0.18974962073008178,-2.724595794762883e-26,-0.3711821807779323,medium,-0.1993526042080566
37,15,17,0.10526315789473684,8.110466321051618e-37,0.015683835958960154,-1.829217370855842e-31,-0.09466077726194484,medium,-0.0054194317827915
38,15,18,0.05263157894736842,5.9372264768159415e-43,0.0004280662061921046,-4.055233160525092e-37,-0.007839989003240847,medium,0.1781732507710572
39,15,19,0.0,1.4351876331745702e-49,3.857952478459091e-06,-5.937225041628308e-43,-0.0004242082537136455,medium,0.0715225385225388
40,15,0,1.0,3.85795247845909e-06,1.4351876331745704e-49,0.0004242082537136424,5.937225041628139e-43,large,0.7247427306158984
41,15,1,0.9473684210526315,0.0004280662061921015,5.937226476815773e-43,0.007839989003240847,4.0552331605250924e-37,large,0.8786564304371286
42,15,2,0.8947368421052632,0.015683835958960154,8.11046632105162e-37,0.09466077726194468,1.8292173708558423e-31,large,0.789396086148511
43,15,3,0.8421052631578947,0.18974962073008145,3.658434741717622e-31,0.371182180777932,2.724595794762845e-26,large,0.5880169214259144
44,15,4,0.7894736842105263,0.7580481975148242,5.449191589606794e-26,0.40512518963495925,1.3400658030983542e-21,large,0.35866924727845
45,15,5,0.7368421052631579,1.0,2.680131606562552e-21,-0.1612228012807434,2.1763936221812155e-17,large,0.1633921053443874
46,15,6,0.6842105263157895,0.4356025949533374,4.352787249811623e-17,-0.46867160120514767,1.167175165140125e-13,large,0.0078776029089419
47,15,7,0.631578947368421,0.06265679758970469,2.3343503570815663e-13,-0.21631329651426595,2.0669114597562207e-10,large,-0.0053032049961848
48,15,8,0.5789473684210527,0.0029760019248055093,4.1338233547911664e-10,-0.03130506123185124,1.2086335705923708e-07,large,0.0597536086007712
49,15,9,0.5263157894736842,4.6675126002199454e-05,2.4172694755350985e-07,-0.0014878800989289779,2.3337356309931786e-05,large,0.0833822446680305
50,15,10,0.47368421052631576,2.41726947553512e-07,4.667512600219905e-05,-2.333735630993199e-05,0.0014878800989289692,large,-0.0290968458624051
51,15,11,0.42105263157894735,4.133823354791225e-10,0.002976001924805492,-1.2086335705923816e-07,0.03130506123185125,large,-0.2809530638328855
52,15,12,0.3684210526315789,2.3343503570815663e-13,0.0626567975897047,-2.06691145975625e-10,0.21631329651426598,large,-0.6546106400005479
53,15,13,0.3157894736842105,4.352787249811622e-17,0.4356025949533375,-1.167175165140125e-13,0.46867160120514767,large,-0.9347579282459944
54,15,14,0.2631578947368421,2.6801316065625515e-21,1.0,-2.1763936221812152e-17,0.16122280128074365,large,-0.7372251126935532
55,15,15,0.21052631578947367,5.44919158960687e-26,0.7580481975148248,-1.340065803098354e-21,-0.40512518963495914,large,-0.3939116777403862
56,15,16,0.15789473684210525,3.658434741717621e-31,0.18974962073008178,-2.724595794762883e-26,-0.3711821807779323,large,-0.0696978598303979
57,15,17,0.10526315789473684,8.110466321051618e-37,0.015683835958960154,-1.829217370855842e-31,-0.09466077726194484,large,0.2215145664136256
58,15,18,0.05263157894736842,5.9372264768159415e-43,0.0004280662061921046,-4.055233160525092e-37,-0.007839989003240847,large,0.4765488221228796
59,15,19,0.0,1.4351876331745702e-49,3.857952478459091e-06,-5.937225041628308e-43,-0.0004242082537136455,large,0.3109451229807995
0,22,0,1.0,3.85795247845909e-06,1.4351876331745704e-49,0.0004242082537136424,5.937225041628139e-43,center,2.8217868179011587
1,22,1,0.9473684210526315,0.0004280662061921015,5.937226476815773e-43,0.007839989003240847,4.0552331605250924e-37,center,3.0974804436276524
2,22,2,0.8947368421052632,0.015683835958960154,8.11046632105162e-37,0.09466077726194468,1.8292173708558423e-31,center,2.819188563042219
3,22,3,0.8421052631578947,0.18974962073008145,3.658434741717622e-31,0.371182180777932,2.724595794762845e-26,center,2.4734685876794744
4,22,4,0.7894736842105263,0.7580481975148242,5.449191589606794e-26,0.40512518963495925,1.3400658030983542e-21,center,2.1866667703566485
5,22,5,0.7368421052631579,1.0,2.680131606562552e-21,-0.1612228012807434,2.1763936221812155e-17,center,1.903683054177861
6,22,6,0.6842105263157895,0.4356025949533374,4.352787249811623e-17,-0.46867160120514767,1.167175165140125e-13,center,1.6684533217700952
7,22,7,0.631578947368421,0.06265679758970469,2.3343503570815663e-13,-0.21631329651426595,2.0669114597562207e-10,center,1.4427258806932517
8,22,8,0.5789473684210527,0.0029760019248055093,4.1338233547911664e-10,-0.03130506123185124,1.2086335705923708e-07,center,1.2965795120103123
9,22,9,0.5263157894736842,4.6675126002199454e-05,2.4172694755350985e-07,-0.0014878800989289779,2.3337356309931786e-05,center,1.178774420582151
10,22,10,0.47368421052631576,2.41726947553512e-07,4.667512600219905e-05,-2.333735630993199e-05,0.0014878800989289692,center,1.0339659335854126
11,22,11,0.42105263157894735,4.133823354791225e-10,0.002976001924805492,-1.2086335705923816e-07,0.03130506123185125,center,0.8842449050864698
12,22,12,0.3684210526315789,2.3343503570815663e-13,0.0626567975897047,-2.06691145975625e-10,0.21631329651426598,center,0.738035677367123
13,22,13,0.3157894736842105,4.352787249811622e-17,0.4356025949533375,-1.167175165140125e-13,0.46867160120514767,center,0.6625060802707374
14,22,14,0.2631578947368421,2.6801316065625515e-21,1.0,-2.1763936221812152e-17,0.16122280128074365,center,0.5272884114795849
15,22,15,0.21052631578947367,5.44919158960687e-26,0.7580481975148248,-1.340065803098354e-21,-0.40512518963495914,center,0.2807798189033039
16,22,16,0.15789473684210525,3.658434741717621e-31,0.18974962073008178,-2.724595794762883e-26,-0.3711821807779323,center,0.0121353827454881
17,22,17,0.10526315789473684,8.110466321051618e-37,0.015683835958960154,-1.829217370855842e-31,-0.09466077726194484,center,-0.2246088639800372
18,22,18,0.05263157894736842,5.9372264768159415e-43,0.0004280662061921046,-4.055233160525092e-37,-0.007839989003240847,center,-0.1522695040643036
19,22,19,0.0,1.4351876331745702e-49,3.857952478459091e-06,-5.937225041628308e-43,-0.0004242082537136455,center,0.0597380331427959
20,22,0,1.0,3.85795247845909e-06,1.4351876331745704e-49,0.0004242082537136424,5.937225041628139e-43,medium,-0.0300256170239425
21,22,1,0.9473684210526315,0.0004280662061921015,5.937226476815773e-43,0.007839989003240847,4.0552331605250924e-37,medium,0.0382295312666851
22,22,2,0.8947368421052632,0.015683835958960154,8.11046632105162e-37,0.09466077726194468,1.8292173708558423e-31,medium,0.0450035448991647
23,22,3,0.8421052631578947,0.18974962073008145,3.658434741717622e-31,0.371182180777932,2.724595794762845e-26,medium,-0.0448586016781853
24,22,4,0.7894736842105263,0.7580481975148242,5.449191589606794e-26,0.40512518963495925,1.3400658030983542e-21,medium,-0.0604098084596061
25,22,5,0.7368421052631579,1.0,2.680131606562552e-21,-0.1612228012807434,2.1763936221812155e-17,medium,-0.0224002768536994
26,22,6,0.6842105263157895,0.4356025949533374,4.352787249811623e-17,-0.46867160120514767,1.167175165140125e-13,medium,0.0517219359151682
27,22,7,0.631578947368421,0.06265679758970469,2.3343503570815663e-13,-0.21631329651426595,2.0669114597562207e-10,medium,0.1414785345603773
28,22,8,0.5789473684210527,0.0029760019248055093,4.1338233547911664e-10,-0.03130506123185124,1.2086335705923708e-07,medium,0.1923827138508039
29,22,9,0.5263157894736842,4.6675126002199454e-05,2.4172694755350985e-07,-0.0014878800989289779,2.3337356309931786e-05,medium,0.1975121573357286
30,22,10,0.47368421052631576,2.41726947553512e-07,4.667512600219905e-05,-2.333735630993199e-05,0.0014878800989289692,medium,0.2748058454526182
31,22,11,0.42105263157894735,4.133823354791225e-10,0.002976001924805492,-1.2086335705923816e-07,0.03130506123185125,medium,0.4245984631263051
32,22,12,0.3684210526315789,2.3343503570815663e-13,0.0626567975897047,-2.06691145975625e-10,0.21631329651426598,medium,0.54170537915997
33,22,13,0.3157894736842105,4.352787249811622e-17,0.4356025949533375,-1.167175165140125e-13,0.46867160120514767,medium,0.596751031841927
34,22,14,0.2631578947368421,2.6801316065625515e-21,1.0,-2.1763936221812152e-17,0.16122280128074365,medium,0.4457979629078941
35,22,15,0.21052631578947367,5.44919158960687e-26,0.7580481975148248,-1.340065803098354e-21,-0.40512518963495914,medium,0.2872497153771333
36,22,16,0.15789473684210525,3.658434741717621e-31,0.18974962073008178,-2.724595794762883e-26,-0.3711821807779323,medium,0.2662796914740713
37,22,17,0.10526315789473684,8.110466321051618e-37,0.015683835958960154,-1.829217370855842e-31,-0.09466077726194484,medium,0.324768607297483
38,22,18,0.05263157894736842,5.9372264768159415e-43,0.0004280662061921046,-4.055233160525092e-37,-0.007839989003240847,medium,0.4226085644125044
39,22,19,0.0,1.4351876331745702e-49,3.857952478459091e-06,-5.937225041628308e-43,-0.0004242082537136455,medium,0.4085255972554821
40,22,0,1.0,3.85795247845909e-06,1.4351876331745704e-49,0.0004242082537136424,5.937225041628139e-43,large,0.5473554701202439
41,22,1,0.9473684210526315,0.0004280662061921015,5.937226476815773e-43,0.007839989003240847,4.0552331605250924e-37,large,0.6829650670834335
42,22,2,0.8947368421052632,0.015683835958960154,8.11046632105162e-37,0.09466077726194468,1.8292173708558423e-31,large,0.8461796123630263
43,22,3,0.8421052631578947,0.18974962073008145,3.658434741717622e-31,0.371182180777932,2.724595794762845e-26,large,0.7893419326520125
44,22,4,0.7894736842105263,0.7580481975148242,5.449191589606794e-26,0.40512518963495925,1.3400658030983542e-21,large,0.5942917120460112
45,22,5,0.7368421052631579,1.0,2.680131606562552e-21,-0.1612228012807434,2.1763936221812155e-17,large,0.3965639505460364
46,22,6,0.6842105263157895,0.4356025949533374,4.352787249811623e-17,-0.46867160120514767,1.167175165140125e-13,large,0.1754413468226095
47,22,7,0.631578947368421,0.06265679758970469,2.3343503570815663e-13,-0.21631329651426595,2.0669114597562207e-10,large,-0.1191002032930013
48,22,8,0.5789473684210527,0.0029760019248055093,4.1338233547911664e-10,-0.03130506123185124,1.2086335705923708e-07,large,-0.335404138754313
49,22,9,0.5263157894736842,4.6675126002199454e-05,2.4172694755350985e-07,-0.0014878800989289779,2.3337356309931786e-05,large,-0.3631560475141052
50,22,10,0.47368421052631576,2.41726947553512e-07,4.667512600219905e-05,-2.333735630993199e-05,0.0014878800989289692,large,-0.3477857029644164
51,22,11,0.42105263157894735,4.133823354791225e-10,0.002976001924805492,-1.2086335705923816e-07,0.03130506123185125,large,-0.2778351101914207
52,22,12,0.3684210526315789,2.3343503570815663e-13,0.0626567975897047,-2.06691145975625e-10,0.21631329651426598,large,-0.0555240177635802
53,22,13,0.3157894736842105,4.352787249811622e-17,0.4356025949533375,-1.167175165140125e-13,0.46867160120514767,large,0.2602974664854347
54,22,14,0.2631578947368421,2.6801316065625515e-21,1.0,-2.1763936221812152e-17,0.16122280128074365,large,0.2759461844865846
55,22,15,0.21052631578947367,5.44919158960687e-26,0.7580481975148248,-1.340065803098354e-21,-0.40512518963495914,large,0.0603420509716125
56,22,16,0.15789473684210525,3.658434741717621e-31,0.18974962073008178,-2.724595794762883e-26,-0.3711821807779323,large,-0.181293922191688
57,22,17,0.10526315789473684,8.110466321051618e-37,0.015683835958960154,-1.829217370855842e-31,-0.09466077726194484,large,-0.4767279454103443
58,22,18,0.05263157894736842,5.9372264768159415e-43,0.0004280662061921046,-4.055233160525092e-37,-0.007839989003240847,large,-0.5785792532635201
59,22,19,0.0,1.4351876331745702e-49,3.857952478459091e-06,-5.937225041628308e-43,-0.0004242082537136455,large,-0.3359792964876318
